<?xml version="1.0" encoding="UTF-8"?>
<mxfile host="app.diagrams.net" agent="Mozilla/5.0 (Windows NT 10.0; Win64; x64) AppleWebKit/537.36 (KHTML, like Gecko) Chrome/140.0.0.0 Safari/537.36" version="28.2.5">
  <diagram name="Сторінка-1" id="ehWW6KYL9hu6zAJxEJvP">
    <mxGraphModel dx="1585" dy="784" grid="1" gridSize="10" guides="1" tooltips="1" connect="1" arrows="1" fold="1" page="1" pageScale="1" pageWidth="827" pageHeight="1169" math="0" shadow="0">
      <root>
        <mxCell id="0" />
        <mxCell id="1" parent="0" />
        <mxCell id="TaEJB82dTYcSvtxMzdIs-1" value="&lt;font style=&quot;font-size: 11px;&quot;&gt;Онлайн-сервіс для обміну кулінарними рецептами з рейтингами&lt;/font&gt;" style="swimlane;childLayout=stackLayout;resizeParent=1;resizeParentMax=0;startSize=20;html=1;" vertex="1" parent="1">
          <mxGeometry x="50" y="20" width="1060" height="870" as="geometry" />
        </mxCell>
        <mxCell id="TaEJB82dTYcSvtxMzdIs-2" value="Користувач" style="swimlane;startSize=20;html=1;" vertex="1" parent="TaEJB82dTYcSvtxMzdIs-1">
          <mxGeometry y="20" width="420" height="850" as="geometry" />
        </mxCell>
        <mxCell id="TaEJB82dTYcSvtxMzdIs-22" style="edgeStyle=orthogonalEdgeStyle;rounded=0;orthogonalLoop=1;jettySize=auto;html=1;exitX=0.5;exitY=1;exitDx=0;exitDy=0;entryX=0.5;entryY=0;entryDx=0;entryDy=0;" edge="1" parent="TaEJB82dTYcSvtxMzdIs-2" source="TaEJB82dTYcSvtxMzdIs-5" target="TaEJB82dTYcSvtxMzdIs-7">
          <mxGeometry relative="1" as="geometry" />
        </mxCell>
        <mxCell id="TaEJB82dTYcSvtxMzdIs-5" value="" style="ellipse;html=1;shape=startState;fillColor=#000000;strokeColor=#ff0000;" vertex="1" parent="TaEJB82dTYcSvtxMzdIs-2">
          <mxGeometry x="65" y="40" width="30" height="30" as="geometry" />
        </mxCell>
        <mxCell id="TaEJB82dTYcSvtxMzdIs-7" value="Створення нового рецепта" style="rounded=1;whiteSpace=wrap;html=1;arcSize=40;fontColor=#000000;fillColor=#ffffc0;strokeColor=#ff0000;" vertex="1" parent="TaEJB82dTYcSvtxMzdIs-2">
          <mxGeometry x="20" y="100" width="120" height="40" as="geometry" />
        </mxCell>
        <mxCell id="TaEJB82dTYcSvtxMzdIs-24" style="edgeStyle=orthogonalEdgeStyle;rounded=0;orthogonalLoop=1;jettySize=auto;html=1;exitX=0.5;exitY=1;exitDx=0;exitDy=0;entryX=0.5;entryY=0;entryDx=0;entryDy=0;" edge="1" parent="TaEJB82dTYcSvtxMzdIs-2" source="TaEJB82dTYcSvtxMzdIs-20" target="TaEJB82dTYcSvtxMzdIs-21">
          <mxGeometry relative="1" as="geometry" />
        </mxCell>
        <mxCell id="TaEJB82dTYcSvtxMzdIs-20" value="Оцінка рецепта" style="rounded=1;whiteSpace=wrap;html=1;arcSize=40;fontColor=#000000;fillColor=#ffffc0;strokeColor=#ff0000;" vertex="1" parent="TaEJB82dTYcSvtxMzdIs-2">
          <mxGeometry x="110" y="420" width="120" height="40" as="geometry" />
        </mxCell>
        <mxCell id="TaEJB82dTYcSvtxMzdIs-27" style="edgeStyle=orthogonalEdgeStyle;rounded=0;orthogonalLoop=1;jettySize=auto;html=1;exitX=1;exitY=0.5;exitDx=0;exitDy=0;entryX=0.5;entryY=0;entryDx=0;entryDy=0;" edge="1" parent="TaEJB82dTYcSvtxMzdIs-2" source="TaEJB82dTYcSvtxMzdIs-21" target="TaEJB82dTYcSvtxMzdIs-25">
          <mxGeometry relative="1" as="geometry" />
        </mxCell>
        <mxCell id="TaEJB82dTYcSvtxMzdIs-28" style="edgeStyle=orthogonalEdgeStyle;rounded=0;orthogonalLoop=1;jettySize=auto;html=1;exitX=0;exitY=0.5;exitDx=0;exitDy=0;entryX=0.5;entryY=0;entryDx=0;entryDy=0;" edge="1" parent="TaEJB82dTYcSvtxMzdIs-2" source="TaEJB82dTYcSvtxMzdIs-21" target="TaEJB82dTYcSvtxMzdIs-26">
          <mxGeometry relative="1" as="geometry" />
        </mxCell>
        <mxCell id="TaEJB82dTYcSvtxMzdIs-21" value="Рецепт має достатній рейтинг?" style="rhombus;whiteSpace=wrap;html=1;" vertex="1" parent="TaEJB82dTYcSvtxMzdIs-2">
          <mxGeometry x="115" y="500" width="110" height="70" as="geometry" />
        </mxCell>
        <mxCell id="TaEJB82dTYcSvtxMzdIs-33" style="edgeStyle=orthogonalEdgeStyle;rounded=0;orthogonalLoop=1;jettySize=auto;html=1;exitX=0.5;exitY=1;exitDx=0;exitDy=0;entryX=1;entryY=0.5;entryDx=0;entryDy=0;" edge="1" parent="TaEJB82dTYcSvtxMzdIs-2" source="TaEJB82dTYcSvtxMzdIs-25" target="TaEJB82dTYcSvtxMzdIs-32">
          <mxGeometry relative="1" as="geometry" />
        </mxCell>
        <mxCell id="TaEJB82dTYcSvtxMzdIs-25" value="Продовження збору оцінок" style="rounded=1;whiteSpace=wrap;html=1;arcSize=40;fontColor=#000000;fillColor=#ffffc0;strokeColor=#ff0000;" vertex="1" parent="TaEJB82dTYcSvtxMzdIs-2">
          <mxGeometry x="225" y="590" width="120" height="40" as="geometry" />
        </mxCell>
        <mxCell id="TaEJB82dTYcSvtxMzdIs-34" style="edgeStyle=orthogonalEdgeStyle;rounded=0;orthogonalLoop=1;jettySize=auto;html=1;exitX=0.5;exitY=1;exitDx=0;exitDy=0;entryX=0;entryY=0.5;entryDx=0;entryDy=0;" edge="1" parent="TaEJB82dTYcSvtxMzdIs-2" source="TaEJB82dTYcSvtxMzdIs-26" target="TaEJB82dTYcSvtxMzdIs-32">
          <mxGeometry relative="1" as="geometry" />
        </mxCell>
        <mxCell id="TaEJB82dTYcSvtxMzdIs-26" value="Публікація рецепта в рекомендації" style="rounded=1;whiteSpace=wrap;html=1;arcSize=40;fontColor=#000000;fillColor=#ffffc0;strokeColor=#ff0000;" vertex="1" parent="TaEJB82dTYcSvtxMzdIs-2">
          <mxGeometry x="10" y="590" width="120" height="40" as="geometry" />
        </mxCell>
        <mxCell id="TaEJB82dTYcSvtxMzdIs-31" value="ні" style="text;html=1;align=center;verticalAlign=middle;resizable=0;points=[];autosize=1;strokeColor=none;fillColor=none;" vertex="1" parent="TaEJB82dTYcSvtxMzdIs-2">
          <mxGeometry x="230" y="510" width="30" height="30" as="geometry" />
        </mxCell>
        <mxCell id="TaEJB82dTYcSvtxMzdIs-30" value="так" style="text;html=1;align=center;verticalAlign=middle;resizable=0;points=[];autosize=1;strokeColor=none;fillColor=none;" vertex="1" parent="TaEJB82dTYcSvtxMzdIs-2">
          <mxGeometry x="75" y="510" width="40" height="30" as="geometry" />
        </mxCell>
        <mxCell id="TaEJB82dTYcSvtxMzdIs-32" value="" style="rhombus;whiteSpace=wrap;html=1;" vertex="1" parent="TaEJB82dTYcSvtxMzdIs-2">
          <mxGeometry x="150" y="660" width="40" height="40" as="geometry" />
        </mxCell>
        <mxCell id="TaEJB82dTYcSvtxMzdIs-3" value="Система" style="swimlane;startSize=20;html=1;" vertex="1" parent="TaEJB82dTYcSvtxMzdIs-1">
          <mxGeometry x="420" y="20" width="270" height="850" as="geometry" />
        </mxCell>
        <mxCell id="TaEJB82dTYcSvtxMzdIs-9" value="Модерація рецепта" style="rounded=1;whiteSpace=wrap;html=1;arcSize=40;fontColor=#000000;fillColor=#ffffc0;strokeColor=#ff0000;" vertex="1" parent="TaEJB82dTYcSvtxMzdIs-3">
          <mxGeometry x="30" y="180" width="120" height="40" as="geometry" />
        </mxCell>
        <mxCell id="TaEJB82dTYcSvtxMzdIs-43" style="edgeStyle=orthogonalEdgeStyle;rounded=0;orthogonalLoop=1;jettySize=auto;html=1;exitX=0.5;exitY=1;exitDx=0;exitDy=0;entryX=0.5;entryY=0;entryDx=0;entryDy=0;" edge="1" parent="TaEJB82dTYcSvtxMzdIs-3" source="TaEJB82dTYcSvtxMzdIs-35" target="TaEJB82dTYcSvtxMzdIs-42">
          <mxGeometry relative="1" as="geometry" />
        </mxCell>
        <mxCell id="TaEJB82dTYcSvtxMzdIs-35" value="Архівація або видалення рецепту" style="rounded=1;whiteSpace=wrap;html=1;arcSize=40;fontColor=#000000;fillColor=#ffffc0;strokeColor=#ff0000;" vertex="1" parent="TaEJB82dTYcSvtxMzdIs-3">
          <mxGeometry x="80" y="740" width="120" height="40" as="geometry" />
        </mxCell>
        <mxCell id="TaEJB82dTYcSvtxMzdIs-42" value="" style="ellipse;html=1;shape=endState;fillColor=#000000;strokeColor=#ff0000;" vertex="1" parent="TaEJB82dTYcSvtxMzdIs-3">
          <mxGeometry x="125" y="810" width="30" height="30" as="geometry" />
        </mxCell>
        <mxCell id="TaEJB82dTYcSvtxMzdIs-4" value="Адміністратор" style="swimlane;startSize=20;html=1;" vertex="1" parent="TaEJB82dTYcSvtxMzdIs-1">
          <mxGeometry x="690" y="20" width="370" height="850" as="geometry" />
        </mxCell>
        <mxCell id="TaEJB82dTYcSvtxMzdIs-13" style="edgeStyle=orthogonalEdgeStyle;rounded=0;orthogonalLoop=1;jettySize=auto;html=1;exitX=0;exitY=0.5;exitDx=0;exitDy=0;entryX=0.5;entryY=0;entryDx=0;entryDy=0;" edge="1" parent="TaEJB82dTYcSvtxMzdIs-4" source="TaEJB82dTYcSvtxMzdIs-11" target="TaEJB82dTYcSvtxMzdIs-12">
          <mxGeometry relative="1" as="geometry" />
        </mxCell>
        <mxCell id="TaEJB82dTYcSvtxMzdIs-16" style="edgeStyle=orthogonalEdgeStyle;rounded=0;orthogonalLoop=1;jettySize=auto;html=1;exitX=1;exitY=0.5;exitDx=0;exitDy=0;entryX=0.5;entryY=0;entryDx=0;entryDy=0;" edge="1" parent="TaEJB82dTYcSvtxMzdIs-4" source="TaEJB82dTYcSvtxMzdIs-11" target="TaEJB82dTYcSvtxMzdIs-15">
          <mxGeometry relative="1" as="geometry" />
        </mxCell>
        <mxCell id="TaEJB82dTYcSvtxMzdIs-11" value="Рецепт проходить модерацію?" style="rhombus;whiteSpace=wrap;html=1;" vertex="1" parent="TaEJB82dTYcSvtxMzdIs-4">
          <mxGeometry x="130" y="240" width="110" height="70" as="geometry" />
        </mxCell>
        <mxCell id="TaEJB82dTYcSvtxMzdIs-12" value="Публікація рецепта" style="rounded=1;whiteSpace=wrap;html=1;arcSize=40;fontColor=#000000;fillColor=#ffffc0;strokeColor=#ff0000;" vertex="1" parent="TaEJB82dTYcSvtxMzdIs-4">
          <mxGeometry x="20" y="340" width="120" height="40" as="geometry" />
        </mxCell>
        <mxCell id="TaEJB82dTYcSvtxMzdIs-14" value="так" style="text;html=1;align=center;verticalAlign=middle;resizable=0;points=[];autosize=1;strokeColor=none;fillColor=none;" vertex="1" parent="TaEJB82dTYcSvtxMzdIs-4">
          <mxGeometry x="90" y="250" width="40" height="30" as="geometry" />
        </mxCell>
        <mxCell id="TaEJB82dTYcSvtxMzdIs-19" style="edgeStyle=orthogonalEdgeStyle;rounded=0;orthogonalLoop=1;jettySize=auto;html=1;exitX=0.5;exitY=1;exitDx=0;exitDy=0;entryX=0.5;entryY=0;entryDx=0;entryDy=0;" edge="1" parent="TaEJB82dTYcSvtxMzdIs-4" source="TaEJB82dTYcSvtxMzdIs-15" target="TaEJB82dTYcSvtxMzdIs-18">
          <mxGeometry relative="1" as="geometry" />
        </mxCell>
        <mxCell id="TaEJB82dTYcSvtxMzdIs-15" value="Відхилення рецепта" style="rounded=1;whiteSpace=wrap;html=1;arcSize=40;fontColor=#000000;fillColor=#ffffc0;strokeColor=#ff0000;" vertex="1" parent="TaEJB82dTYcSvtxMzdIs-4">
          <mxGeometry x="240" y="340" width="120" height="40" as="geometry" />
        </mxCell>
        <mxCell id="TaEJB82dTYcSvtxMzdIs-18" value="" style="ellipse;html=1;shape=endState;fillColor=#000000;strokeColor=#ff0000;" vertex="1" parent="TaEJB82dTYcSvtxMzdIs-4">
          <mxGeometry x="285" y="420" width="30" height="30" as="geometry" />
        </mxCell>
        <mxCell id="TaEJB82dTYcSvtxMzdIs-17" value="ні" style="text;html=1;align=center;verticalAlign=middle;resizable=0;points=[];autosize=1;strokeColor=none;fillColor=none;" vertex="1" parent="TaEJB82dTYcSvtxMzdIs-4">
          <mxGeometry x="240" y="250" width="30" height="30" as="geometry" />
        </mxCell>
        <mxCell id="TaEJB82dTYcSvtxMzdIs-10" style="edgeStyle=orthogonalEdgeStyle;rounded=0;orthogonalLoop=1;jettySize=auto;html=1;exitX=0.5;exitY=1;exitDx=0;exitDy=0;entryX=0.5;entryY=0;entryDx=0;entryDy=0;" edge="1" parent="TaEJB82dTYcSvtxMzdIs-1" source="TaEJB82dTYcSvtxMzdIs-7" target="TaEJB82dTYcSvtxMzdIs-9">
          <mxGeometry relative="1" as="geometry" />
        </mxCell>
        <mxCell id="TaEJB82dTYcSvtxMzdIs-23" style="edgeStyle=orthogonalEdgeStyle;rounded=0;orthogonalLoop=1;jettySize=auto;html=1;exitX=0.5;exitY=1;exitDx=0;exitDy=0;entryX=0.5;entryY=0;entryDx=0;entryDy=0;" edge="1" parent="TaEJB82dTYcSvtxMzdIs-1" source="TaEJB82dTYcSvtxMzdIs-12" target="TaEJB82dTYcSvtxMzdIs-20">
          <mxGeometry relative="1" as="geometry" />
        </mxCell>
        <mxCell id="TaEJB82dTYcSvtxMzdIs-36" style="edgeStyle=orthogonalEdgeStyle;rounded=0;orthogonalLoop=1;jettySize=auto;html=1;exitX=0.5;exitY=1;exitDx=0;exitDy=0;entryX=0.5;entryY=0;entryDx=0;entryDy=0;" edge="1" parent="TaEJB82dTYcSvtxMzdIs-1" source="TaEJB82dTYcSvtxMzdIs-32" target="TaEJB82dTYcSvtxMzdIs-35">
          <mxGeometry relative="1" as="geometry" />
        </mxCell>
        <mxCell id="TaEJB82dTYcSvtxMzdIs-44" style="edgeStyle=orthogonalEdgeStyle;rounded=0;orthogonalLoop=1;jettySize=auto;html=1;exitX=0.5;exitY=1;exitDx=0;exitDy=0;entryX=0.5;entryY=0;entryDx=0;entryDy=0;" edge="1" parent="TaEJB82dTYcSvtxMzdIs-1" source="TaEJB82dTYcSvtxMzdIs-9" target="TaEJB82dTYcSvtxMzdIs-11">
          <mxGeometry relative="1" as="geometry">
            <Array as="points">
              <mxPoint x="510" y="260" />
            </Array>
          </mxGeometry>
        </mxCell>
      </root>
    </mxGraphModel>
  </diagram>
</mxfile>
