<?xml version="1.0" encoding="UTF-8"?>
<mxfile host="app.diagrams.net" agent="Mozilla/5.0 (Windows NT 10.0; Win64; x64) AppleWebKit/537.36 (KHTML, like Gecko) Chrome/140.0.0.0 Safari/537.36" version="28.2.5">
  <diagram name="Сторінка-1" id="DMQkWPhdDsJaQZUq3rmN">
    <mxGraphModel dx="2491" dy="2400" grid="1" gridSize="10" guides="1" tooltips="1" connect="1" arrows="1" fold="1" page="1" pageScale="1" pageWidth="827" pageHeight="1169" math="0" shadow="0">
      <root>
        <mxCell id="0" />
        <mxCell id="1" parent="0" />
        <mxCell id="p_zbE48mkgvGThIX2O5B-104" value="" style="group" vertex="1" connectable="0" parent="1">
          <mxGeometry x="30" y="-1120" width="1790" height="1570" as="geometry" />
        </mxCell>
        <mxCell id="p_zbE48mkgvGThIX2O5B-1" value="Доставка посилки клієнту" style="swimlane;childLayout=stackLayout;resizeParent=1;resizeParentMax=0;startSize=20;html=1;" vertex="1" parent="p_zbE48mkgvGThIX2O5B-104">
          <mxGeometry width="1430" height="1570" as="geometry">
            <mxRectangle x="250" y="-770" width="180" height="30" as="alternateBounds" />
          </mxGeometry>
        </mxCell>
        <mxCell id="p_zbE48mkgvGThIX2O5B-2" value="Клієнт" style="swimlane;startSize=20;html=1;strokeWidth=1;" vertex="1" parent="p_zbE48mkgvGThIX2O5B-1">
          <mxGeometry y="20" width="270" height="1550" as="geometry" />
        </mxCell>
        <mxCell id="p_zbE48mkgvGThIX2O5B-8" style="edgeStyle=orthogonalEdgeStyle;rounded=0;orthogonalLoop=1;jettySize=auto;html=1;exitX=0.5;exitY=1;exitDx=0;exitDy=0;exitPerimeter=0;entryX=0.5;entryY=0;entryDx=0;entryDy=0;" edge="1" parent="p_zbE48mkgvGThIX2O5B-2" source="p_zbE48mkgvGThIX2O5B-5" target="p_zbE48mkgvGThIX2O5B-6">
          <mxGeometry relative="1" as="geometry" />
        </mxCell>
        <mxCell id="p_zbE48mkgvGThIX2O5B-5" value="" style="strokeWidth=2;html=1;shape=mxgraph.flowchart.start_2;whiteSpace=wrap;" vertex="1" parent="p_zbE48mkgvGThIX2O5B-2">
          <mxGeometry x="75" y="40" width="30" height="30" as="geometry" />
        </mxCell>
        <mxCell id="p_zbE48mkgvGThIX2O5B-11" style="edgeStyle=orthogonalEdgeStyle;rounded=0;orthogonalLoop=1;jettySize=auto;html=1;exitX=0.5;exitY=1;exitDx=0;exitDy=0;entryX=0.5;entryY=0;entryDx=0;entryDy=0;" edge="1" parent="p_zbE48mkgvGThIX2O5B-2" source="p_zbE48mkgvGThIX2O5B-6" target="p_zbE48mkgvGThIX2O5B-9">
          <mxGeometry relative="1" as="geometry" />
        </mxCell>
        <mxCell id="p_zbE48mkgvGThIX2O5B-6" value="Оформити замовлення" style="rounded=1;whiteSpace=wrap;html=1;arcSize=40;fontColor=#000000;fillColor=#ffffc0;strokeColor=#ff0000;" vertex="1" parent="p_zbE48mkgvGThIX2O5B-2">
          <mxGeometry x="30" y="100" width="120" height="40" as="geometry" />
        </mxCell>
        <mxCell id="p_zbE48mkgvGThIX2O5B-9" value="Замовлення" style="rounded=1;whiteSpace=wrap;html=1;arcSize=40;fontColor=#000000;fillColor=#ffffc0;strokeColor=#ff0000;" vertex="1" parent="p_zbE48mkgvGThIX2O5B-2">
          <mxGeometry x="30" y="170" width="120" height="40" as="geometry" />
        </mxCell>
        <mxCell id="p_zbE48mkgvGThIX2O5B-56" style="edgeStyle=orthogonalEdgeStyle;rounded=0;orthogonalLoop=1;jettySize=auto;html=1;exitX=0.5;exitY=1;exitDx=0;exitDy=0;entryX=0.5;entryY=0;entryDx=0;entryDy=0;" edge="1" parent="p_zbE48mkgvGThIX2O5B-2" source="p_zbE48mkgvGThIX2O5B-51" target="p_zbE48mkgvGThIX2O5B-53">
          <mxGeometry relative="1" as="geometry" />
        </mxCell>
        <mxCell id="p_zbE48mkgvGThIX2O5B-51" value="Підготувати посилку" style="rounded=1;whiteSpace=wrap;html=1;arcSize=40;fontColor=#000000;fillColor=#ffffc0;strokeColor=#ff0000;" vertex="1" parent="p_zbE48mkgvGThIX2O5B-2">
          <mxGeometry x="10" y="850" width="120" height="40" as="geometry" />
        </mxCell>
        <mxCell id="p_zbE48mkgvGThIX2O5B-53" value="Упакована посилка" style="rounded=1;whiteSpace=wrap;html=1;arcSize=40;fontColor=#000000;fillColor=#ffffc0;strokeColor=#ff0000;" vertex="1" parent="p_zbE48mkgvGThIX2O5B-2">
          <mxGeometry x="10" y="920" width="120" height="40" as="geometry" />
        </mxCell>
        <mxCell id="p_zbE48mkgvGThIX2O5B-3" value="Система доставки" style="swimlane;startSize=20;html=1;" vertex="1" parent="p_zbE48mkgvGThIX2O5B-1">
          <mxGeometry x="270" y="20" width="560" height="1550" as="geometry" />
        </mxCell>
        <mxCell id="p_zbE48mkgvGThIX2O5B-17" style="edgeStyle=orthogonalEdgeStyle;rounded=0;orthogonalLoop=1;jettySize=auto;html=1;exitX=0.5;exitY=1;exitDx=0;exitDy=0;entryX=0.5;entryY=0;entryDx=0;entryDy=0;" edge="1" parent="p_zbE48mkgvGThIX2O5B-3" source="p_zbE48mkgvGThIX2O5B-12" target="p_zbE48mkgvGThIX2O5B-15">
          <mxGeometry relative="1" as="geometry" />
        </mxCell>
        <mxCell id="p_zbE48mkgvGThIX2O5B-12" value="Зареєструвати посилку" style="rounded=1;whiteSpace=wrap;html=1;arcSize=40;fontColor=#000000;fillColor=#ffffc0;strokeColor=#ff0000;" vertex="1" parent="p_zbE48mkgvGThIX2O5B-3">
          <mxGeometry x="150" y="250" width="120" height="40" as="geometry" />
        </mxCell>
        <mxCell id="p_zbE48mkgvGThIX2O5B-15" value="Заявка на доставку" style="rounded=1;whiteSpace=wrap;html=1;arcSize=40;fontColor=#000000;fillColor=#ffffc0;strokeColor=#ff0000;" vertex="1" parent="p_zbE48mkgvGThIX2O5B-3">
          <mxGeometry x="150" y="325" width="120" height="40" as="geometry" />
        </mxCell>
        <mxCell id="p_zbE48mkgvGThIX2O5B-21" style="edgeStyle=orthogonalEdgeStyle;rounded=0;orthogonalLoop=1;jettySize=auto;html=1;exitX=0;exitY=0.5;exitDx=0;exitDy=0;entryX=0.5;entryY=0;entryDx=0;entryDy=0;" edge="1" parent="p_zbE48mkgvGThIX2O5B-3" source="p_zbE48mkgvGThIX2O5B-18" target="p_zbE48mkgvGThIX2O5B-19">
          <mxGeometry relative="1" as="geometry" />
        </mxCell>
        <mxCell id="p_zbE48mkgvGThIX2O5B-23" style="edgeStyle=orthogonalEdgeStyle;rounded=0;orthogonalLoop=1;jettySize=auto;html=1;exitX=1;exitY=0.5;exitDx=0;exitDy=0;entryX=0.5;entryY=0;entryDx=0;entryDy=0;" edge="1" parent="p_zbE48mkgvGThIX2O5B-3" source="p_zbE48mkgvGThIX2O5B-18" target="p_zbE48mkgvGThIX2O5B-22">
          <mxGeometry relative="1" as="geometry" />
        </mxCell>
        <mxCell id="p_zbE48mkgvGThIX2O5B-18" value="Кур&#39;єр доступний?" style="rhombus;whiteSpace=wrap;html=1;" vertex="1" parent="p_zbE48mkgvGThIX2O5B-3">
          <mxGeometry x="160" y="390" width="100" height="80" as="geometry" />
        </mxCell>
        <mxCell id="p_zbE48mkgvGThIX2O5B-26" style="edgeStyle=orthogonalEdgeStyle;rounded=0;orthogonalLoop=1;jettySize=auto;html=1;exitX=0.5;exitY=1;exitDx=0;exitDy=0;entryX=0.5;entryY=0;entryDx=0;entryDy=0;" edge="1" parent="p_zbE48mkgvGThIX2O5B-3" source="p_zbE48mkgvGThIX2O5B-19" target="p_zbE48mkgvGThIX2O5B-24">
          <mxGeometry relative="1" as="geometry" />
        </mxCell>
        <mxCell id="p_zbE48mkgvGThIX2O5B-19" value="Призначити кур&#39;єра" style="rounded=1;whiteSpace=wrap;html=1;arcSize=40;fontColor=#000000;fillColor=#ffffc0;strokeColor=#ff0000;" vertex="1" parent="p_zbE48mkgvGThIX2O5B-3">
          <mxGeometry x="60" y="480" width="120" height="40" as="geometry" />
        </mxCell>
        <mxCell id="p_zbE48mkgvGThIX2O5B-28" style="edgeStyle=orthogonalEdgeStyle;rounded=0;orthogonalLoop=1;jettySize=auto;html=1;exitX=0.5;exitY=1;exitDx=0;exitDy=0;entryX=0.5;entryY=0;entryDx=0;entryDy=0;" edge="1" parent="p_zbE48mkgvGThIX2O5B-3" source="p_zbE48mkgvGThIX2O5B-22" target="p_zbE48mkgvGThIX2O5B-27">
          <mxGeometry relative="1" as="geometry" />
        </mxCell>
        <mxCell id="p_zbE48mkgvGThIX2O5B-22" value="Очікувати, шукати кур&#39;єра" style="rounded=1;whiteSpace=wrap;html=1;arcSize=40;fontColor=#000000;fillColor=#ffffc0;strokeColor=#ff0000;" vertex="1" parent="p_zbE48mkgvGThIX2O5B-3">
          <mxGeometry x="240" y="480" width="120" height="40" as="geometry" />
        </mxCell>
        <mxCell id="p_zbE48mkgvGThIX2O5B-31" style="edgeStyle=orthogonalEdgeStyle;rounded=0;orthogonalLoop=1;jettySize=auto;html=1;exitX=0.5;exitY=1;exitDx=0;exitDy=0;entryX=0;entryY=0.5;entryDx=0;entryDy=0;" edge="1" parent="p_zbE48mkgvGThIX2O5B-3" source="p_zbE48mkgvGThIX2O5B-24" target="p_zbE48mkgvGThIX2O5B-29">
          <mxGeometry relative="1" as="geometry" />
        </mxCell>
        <mxCell id="p_zbE48mkgvGThIX2O5B-24" value="Дані кур&#39;єра" style="rounded=1;whiteSpace=wrap;html=1;arcSize=40;fontColor=#000000;fillColor=#ffffc0;strokeColor=#ff0000;" vertex="1" parent="p_zbE48mkgvGThIX2O5B-3">
          <mxGeometry x="60" y="550" width="120" height="40" as="geometry" />
        </mxCell>
        <mxCell id="p_zbE48mkgvGThIX2O5B-30" style="edgeStyle=orthogonalEdgeStyle;rounded=0;orthogonalLoop=1;jettySize=auto;html=1;exitX=0.5;exitY=1;exitDx=0;exitDy=0;entryX=1;entryY=0.5;entryDx=0;entryDy=0;" edge="1" parent="p_zbE48mkgvGThIX2O5B-3" source="p_zbE48mkgvGThIX2O5B-27" target="p_zbE48mkgvGThIX2O5B-29">
          <mxGeometry relative="1" as="geometry" />
        </mxCell>
        <mxCell id="p_zbE48mkgvGThIX2O5B-27" value="back -&amp;gt; [Кур&#39;єр доступний?]" style="rounded=1;whiteSpace=wrap;html=1;arcSize=40;fontColor=#000000;fillColor=#ffffc0;strokeColor=#ff0000;" vertex="1" parent="p_zbE48mkgvGThIX2O5B-3">
          <mxGeometry x="240" y="550" width="120" height="40" as="geometry" />
        </mxCell>
        <mxCell id="p_zbE48mkgvGThIX2O5B-35" style="edgeStyle=orthogonalEdgeStyle;rounded=0;orthogonalLoop=1;jettySize=auto;html=1;exitX=0.5;exitY=1;exitDx=0;exitDy=0;" edge="1" parent="p_zbE48mkgvGThIX2O5B-3" source="p_zbE48mkgvGThIX2O5B-29" target="p_zbE48mkgvGThIX2O5B-33">
          <mxGeometry relative="1" as="geometry" />
        </mxCell>
        <mxCell id="p_zbE48mkgvGThIX2O5B-29" value="" style="rhombus;whiteSpace=wrap;html=1;" vertex="1" parent="p_zbE48mkgvGThIX2O5B-3">
          <mxGeometry x="190" y="610" width="40" height="30" as="geometry" />
        </mxCell>
        <mxCell id="p_zbE48mkgvGThIX2O5B-33" value="" style="shape=line;html=1;strokeWidth=6;strokeColor=#ff0000;" vertex="1" parent="p_zbE48mkgvGThIX2O5B-3">
          <mxGeometry x="110" y="660" width="200" height="10" as="geometry" />
        </mxCell>
        <mxCell id="p_zbE48mkgvGThIX2O5B-68" style="edgeStyle=orthogonalEdgeStyle;rounded=0;orthogonalLoop=1;jettySize=auto;html=1;exitX=0.5;exitY=1;exitDx=0;exitDy=0;entryX=0.5;entryY=0;entryDx=0;entryDy=0;" edge="1" parent="p_zbE48mkgvGThIX2O5B-3" source="p_zbE48mkgvGThIX2O5B-63" target="p_zbE48mkgvGThIX2O5B-67">
          <mxGeometry relative="1" as="geometry" />
        </mxCell>
        <mxCell id="p_zbE48mkgvGThIX2O5B-63" value="Транспортувати посилку" style="rounded=1;whiteSpace=wrap;html=1;arcSize=40;fontColor=#000000;fillColor=#ffffc0;strokeColor=#ff0000;" vertex="1" parent="p_zbE48mkgvGThIX2O5B-3">
          <mxGeometry x="125" y="1050" width="120" height="40" as="geometry" />
        </mxCell>
        <mxCell id="p_zbE48mkgvGThIX2O5B-79" style="edgeStyle=orthogonalEdgeStyle;rounded=0;orthogonalLoop=1;jettySize=auto;html=1;exitX=0.5;exitY=1;exitDx=0;exitDy=0;entryX=0.5;entryY=0;entryDx=0;entryDy=0;" edge="1" parent="p_zbE48mkgvGThIX2O5B-3" source="p_zbE48mkgvGThIX2O5B-67" target="p_zbE48mkgvGThIX2O5B-69">
          <mxGeometry relative="1" as="geometry" />
        </mxCell>
        <mxCell id="p_zbE48mkgvGThIX2O5B-67" value="Посилка в дорозі" style="rounded=1;whiteSpace=wrap;html=1;arcSize=40;fontColor=#000000;fillColor=#ffffc0;strokeColor=#ff0000;" vertex="1" parent="p_zbE48mkgvGThIX2O5B-3">
          <mxGeometry x="125" y="1110" width="120" height="40" as="geometry" />
        </mxCell>
        <mxCell id="p_zbE48mkgvGThIX2O5B-71" style="edgeStyle=orthogonalEdgeStyle;rounded=0;orthogonalLoop=1;jettySize=auto;html=1;exitX=1;exitY=0.5;exitDx=0;exitDy=0;entryX=0.5;entryY=0;entryDx=0;entryDy=0;" edge="1" parent="p_zbE48mkgvGThIX2O5B-3" source="p_zbE48mkgvGThIX2O5B-69" target="p_zbE48mkgvGThIX2O5B-70">
          <mxGeometry relative="1" as="geometry" />
        </mxCell>
        <mxCell id="p_zbE48mkgvGThIX2O5B-69" value="Успішна доставка?" style="rhombus;whiteSpace=wrap;html=1;" vertex="1" parent="p_zbE48mkgvGThIX2O5B-3">
          <mxGeometry x="135" y="1170" width="100" height="70" as="geometry" />
        </mxCell>
        <mxCell id="p_zbE48mkgvGThIX2O5B-86" style="edgeStyle=orthogonalEdgeStyle;rounded=0;orthogonalLoop=1;jettySize=auto;html=1;exitX=0;exitY=0.5;exitDx=0;exitDy=0;entryX=0.5;entryY=0;entryDx=0;entryDy=0;" edge="1" parent="p_zbE48mkgvGThIX2O5B-3" source="p_zbE48mkgvGThIX2O5B-70" target="p_zbE48mkgvGThIX2O5B-84">
          <mxGeometry relative="1" as="geometry" />
        </mxCell>
        <mxCell id="p_zbE48mkgvGThIX2O5B-70" value="Повторна&amp;nbsp;&lt;div&gt;спроба&lt;/div&gt;" style="rhombus;whiteSpace=wrap;html=1;" vertex="1" parent="p_zbE48mkgvGThIX2O5B-3">
          <mxGeometry x="280" y="1280" width="100" height="70" as="geometry" />
        </mxCell>
        <mxCell id="p_zbE48mkgvGThIX2O5B-72" value="ні" style="text;html=1;align=center;verticalAlign=middle;resizable=0;points=[];autosize=1;strokeColor=none;fillColor=none;" vertex="1" parent="p_zbE48mkgvGThIX2O5B-3">
          <mxGeometry x="235" y="1180" width="30" height="30" as="geometry" />
        </mxCell>
        <mxCell id="p_zbE48mkgvGThIX2O5B-80" value="Заявка на повернення" style="rounded=1;whiteSpace=wrap;html=1;arcSize=40;fontColor=#000000;fillColor=#ffffc0;strokeColor=#ff0000;" vertex="1" parent="p_zbE48mkgvGThIX2O5B-3">
          <mxGeometry x="410" y="1350" width="120" height="40" as="geometry" />
        </mxCell>
        <mxCell id="p_zbE48mkgvGThIX2O5B-83" value="ні" style="text;html=1;align=center;verticalAlign=middle;resizable=0;points=[];autosize=1;strokeColor=none;fillColor=none;" vertex="1" parent="p_zbE48mkgvGThIX2O5B-3">
          <mxGeometry x="400" y="1290" width="30" height="30" as="geometry" />
        </mxCell>
        <mxCell id="p_zbE48mkgvGThIX2O5B-82" style="edgeStyle=orthogonalEdgeStyle;rounded=0;orthogonalLoop=1;jettySize=auto;html=1;exitX=1;exitY=0.5;exitDx=0;exitDy=0;entryX=0.5;entryY=0;entryDx=0;entryDy=0;" edge="1" parent="p_zbE48mkgvGThIX2O5B-3" source="p_zbE48mkgvGThIX2O5B-70" target="p_zbE48mkgvGThIX2O5B-80">
          <mxGeometry relative="1" as="geometry" />
        </mxCell>
        <mxCell id="p_zbE48mkgvGThIX2O5B-103" style="edgeStyle=orthogonalEdgeStyle;rounded=0;orthogonalLoop=1;jettySize=auto;html=1;exitX=0.5;exitY=1;exitDx=0;exitDy=0;entryX=0;entryY=0.5;entryDx=0;entryDy=0;" edge="1" parent="p_zbE48mkgvGThIX2O5B-3" source="p_zbE48mkgvGThIX2O5B-84" target="p_zbE48mkgvGThIX2O5B-63">
          <mxGeometry relative="1" as="geometry">
            <Array as="points">
              <mxPoint x="220" y="1540" />
              <mxPoint x="10" y="1540" />
              <mxPoint x="10" y="1070" />
            </Array>
          </mxGeometry>
        </mxCell>
        <mxCell id="p_zbE48mkgvGThIX2O5B-84" value="back -&amp;gt; Транспортувати посилку" style="rounded=1;whiteSpace=wrap;html=1;arcSize=40;fontColor=#000000;fillColor=#ffffc0;strokeColor=#ff0000;" vertex="1" parent="p_zbE48mkgvGThIX2O5B-3">
          <mxGeometry x="160" y="1350" width="120" height="40" as="geometry" />
        </mxCell>
        <mxCell id="p_zbE48mkgvGThIX2O5B-87" value="так" style="text;html=1;align=center;verticalAlign=middle;resizable=0;points=[];autosize=1;strokeColor=none;fillColor=none;" vertex="1" parent="p_zbE48mkgvGThIX2O5B-3">
          <mxGeometry x="235" y="1290" width="40" height="30" as="geometry" />
        </mxCell>
        <mxCell id="p_zbE48mkgvGThIX2O5B-76" value="так" style="text;html=1;align=center;verticalAlign=middle;resizable=0;points=[];autosize=1;strokeColor=none;fillColor=none;" vertex="1" parent="p_zbE48mkgvGThIX2O5B-3">
          <mxGeometry x="60" y="1180" width="40" height="30" as="geometry" />
        </mxCell>
        <mxCell id="p_zbE48mkgvGThIX2O5B-100" style="edgeStyle=orthogonalEdgeStyle;rounded=0;orthogonalLoop=1;jettySize=auto;html=1;exitX=0.5;exitY=1;exitDx=0;exitDy=0;entryX=0.5;entryY=0;entryDx=0;entryDy=0;" edge="1" parent="p_zbE48mkgvGThIX2O5B-3" source="p_zbE48mkgvGThIX2O5B-88" target="p_zbE48mkgvGThIX2O5B-98">
          <mxGeometry relative="1" as="geometry" />
        </mxCell>
        <mxCell id="p_zbE48mkgvGThIX2O5B-88" value="Підтвредження вручення" style="rounded=1;whiteSpace=wrap;html=1;arcSize=40;fontColor=#000000;fillColor=#ffffc0;strokeColor=#ff0000;" vertex="1" parent="p_zbE48mkgvGThIX2O5B-3">
          <mxGeometry x="20" y="1420" width="120" height="40" as="geometry" />
        </mxCell>
        <mxCell id="p_zbE48mkgvGThIX2O5B-98" value="" style="ellipse;html=1;shape=endState;fillColor=#000000;strokeColor=#ff0000;" vertex="1" parent="p_zbE48mkgvGThIX2O5B-3">
          <mxGeometry x="65" y="1500" width="30" height="30" as="geometry" />
        </mxCell>
        <mxCell id="p_zbE48mkgvGThIX2O5B-78" value="ні" style="text;html=1;align=center;verticalAlign=middle;resizable=0;points=[];autosize=1;strokeColor=none;fillColor=none;" vertex="1" parent="p_zbE48mkgvGThIX2O5B-3">
          <mxGeometry x="260" y="400" width="30" height="30" as="geometry" />
        </mxCell>
        <mxCell id="p_zbE48mkgvGThIX2O5B-77" value="так" style="text;html=1;align=center;verticalAlign=middle;resizable=0;points=[];autosize=1;strokeColor=none;fillColor=none;" vertex="1" parent="p_zbE48mkgvGThIX2O5B-3">
          <mxGeometry x="120" y="400" width="40" height="30" as="geometry" />
        </mxCell>
        <mxCell id="p_zbE48mkgvGThIX2O5B-4" value="Кур&#39;єр" style="swimlane;startSize=20;html=1;" vertex="1" parent="p_zbE48mkgvGThIX2O5B-1">
          <mxGeometry x="830" y="20" width="600" height="1550" as="geometry">
            <mxRectangle x="240" y="20" width="40" height="650" as="alternateBounds" />
          </mxGeometry>
        </mxCell>
        <mxCell id="p_zbE48mkgvGThIX2O5B-48" style="edgeStyle=orthogonalEdgeStyle;rounded=0;orthogonalLoop=1;jettySize=auto;html=1;exitX=0.5;exitY=1;exitDx=0;exitDy=0;entryX=0.5;entryY=0;entryDx=0;entryDy=0;" edge="1" parent="p_zbE48mkgvGThIX2O5B-4" source="p_zbE48mkgvGThIX2O5B-37" target="p_zbE48mkgvGThIX2O5B-47">
          <mxGeometry relative="1" as="geometry" />
        </mxCell>
        <mxCell id="p_zbE48mkgvGThIX2O5B-37" value="Їде за посилкою" style="rounded=1;whiteSpace=wrap;html=1;arcSize=40;fontColor=#000000;fillColor=#ffffc0;strokeColor=#ff0000;" vertex="1" parent="p_zbE48mkgvGThIX2O5B-4">
          <mxGeometry x="220" y="700" width="120" height="40" as="geometry" />
        </mxCell>
        <mxCell id="p_zbE48mkgvGThIX2O5B-46" style="edgeStyle=orthogonalEdgeStyle;rounded=0;orthogonalLoop=1;jettySize=auto;html=1;exitX=0.5;exitY=1;exitDx=0;exitDy=0;entryX=0.5;entryY=0;entryDx=0;entryDy=0;" edge="1" parent="p_zbE48mkgvGThIX2O5B-4" source="p_zbE48mkgvGThIX2O5B-41" target="p_zbE48mkgvGThIX2O5B-43">
          <mxGeometry relative="1" as="geometry" />
        </mxCell>
        <mxCell id="p_zbE48mkgvGThIX2O5B-41" value="Отримати посилку від відправника" style="rounded=1;whiteSpace=wrap;html=1;arcSize=40;fontColor=#000000;fillColor=#ffffc0;strokeColor=#ff0000;" vertex="1" parent="p_zbE48mkgvGThIX2O5B-4">
          <mxGeometry x="410" y="700" width="120" height="40" as="geometry" />
        </mxCell>
        <mxCell id="p_zbE48mkgvGThIX2O5B-43" value="Посилка в кур&#39;єра" style="rounded=1;whiteSpace=wrap;html=1;arcSize=40;fontColor=#000000;fillColor=#ffffc0;strokeColor=#ff0000;" vertex="1" parent="p_zbE48mkgvGThIX2O5B-4">
          <mxGeometry x="410" y="770" width="120" height="40" as="geometry" />
        </mxCell>
        <mxCell id="p_zbE48mkgvGThIX2O5B-47" value="Заявка з адресою" style="rounded=1;whiteSpace=wrap;html=1;arcSize=40;fontColor=#000000;fillColor=#ffffc0;strokeColor=#ff0000;" vertex="1" parent="p_zbE48mkgvGThIX2O5B-4">
          <mxGeometry x="220" y="770" width="120" height="40" as="geometry" />
        </mxCell>
        <mxCell id="p_zbE48mkgvGThIX2O5B-58" value="" style="shape=line;html=1;strokeWidth=6;strokeColor=#ff0000;" vertex="1" parent="p_zbE48mkgvGThIX2O5B-4">
          <mxGeometry x="230" y="990" width="320" height="10" as="geometry" />
        </mxCell>
        <mxCell id="p_zbE48mkgvGThIX2O5B-65" style="edgeStyle=orthogonalEdgeStyle;rounded=0;orthogonalLoop=1;jettySize=auto;html=1;exitX=0.5;exitY=1;exitDx=0;exitDy=0;entryX=0.75;entryY=0.5;entryDx=0;entryDy=0;entryPerimeter=0;" edge="1" parent="p_zbE48mkgvGThIX2O5B-4" source="p_zbE48mkgvGThIX2O5B-43" target="p_zbE48mkgvGThIX2O5B-58">
          <mxGeometry relative="1" as="geometry" />
        </mxCell>
        <mxCell id="p_zbE48mkgvGThIX2O5B-73" value="Передати посилку отримувачу" style="rounded=1;whiteSpace=wrap;html=1;arcSize=40;fontColor=#000000;fillColor=#ffffc0;strokeColor=#ff0000;fontStyle=0" vertex="1" parent="p_zbE48mkgvGThIX2O5B-4">
          <mxGeometry x="130" y="1260" width="120" height="40" as="geometry" />
        </mxCell>
        <mxCell id="p_zbE48mkgvGThIX2O5B-102" style="edgeStyle=orthogonalEdgeStyle;rounded=0;orthogonalLoop=1;jettySize=auto;html=1;exitX=0.5;exitY=1;exitDx=0;exitDy=0;entryX=0.5;entryY=0;entryDx=0;entryDy=0;" edge="1" parent="p_zbE48mkgvGThIX2O5B-4" source="p_zbE48mkgvGThIX2O5B-93" target="p_zbE48mkgvGThIX2O5B-101">
          <mxGeometry relative="1" as="geometry" />
        </mxCell>
        <mxCell id="p_zbE48mkgvGThIX2O5B-93" value="Повернути посилку відправнику" style="rounded=1;whiteSpace=wrap;html=1;arcSize=40;fontColor=#000000;fillColor=#ffffc0;strokeColor=#ff0000;" vertex="1" parent="p_zbE48mkgvGThIX2O5B-4">
          <mxGeometry x="340" y="1440" width="120" height="40" as="geometry" />
        </mxCell>
        <mxCell id="p_zbE48mkgvGThIX2O5B-101" value="" style="ellipse;html=1;shape=endState;fillColor=#000000;strokeColor=#ff0000;" vertex="1" parent="p_zbE48mkgvGThIX2O5B-4">
          <mxGeometry x="385" y="1510" width="30" height="30" as="geometry" />
        </mxCell>
        <mxCell id="p_zbE48mkgvGThIX2O5B-14" style="edgeStyle=orthogonalEdgeStyle;rounded=0;orthogonalLoop=1;jettySize=auto;html=1;exitX=0.5;exitY=1;exitDx=0;exitDy=0;entryX=0.5;entryY=0;entryDx=0;entryDy=0;" edge="1" parent="p_zbE48mkgvGThIX2O5B-1" source="p_zbE48mkgvGThIX2O5B-9" target="p_zbE48mkgvGThIX2O5B-12">
          <mxGeometry relative="1" as="geometry" />
        </mxCell>
        <mxCell id="p_zbE48mkgvGThIX2O5B-39" style="edgeStyle=orthogonalEdgeStyle;rounded=0;orthogonalLoop=1;jettySize=auto;html=1;exitX=0.75;exitY=0.5;exitDx=0;exitDy=0;exitPerimeter=0;entryX=0.5;entryY=0;entryDx=0;entryDy=0;" edge="1" parent="p_zbE48mkgvGThIX2O5B-1" source="p_zbE48mkgvGThIX2O5B-33" target="p_zbE48mkgvGThIX2O5B-37">
          <mxGeometry relative="1" as="geometry" />
        </mxCell>
        <mxCell id="p_zbE48mkgvGThIX2O5B-45" style="edgeStyle=orthogonalEdgeStyle;rounded=0;orthogonalLoop=1;jettySize=auto;html=1;exitX=0.25;exitY=0.5;exitDx=0;exitDy=0;exitPerimeter=0;entryX=0.5;entryY=0;entryDx=0;entryDy=0;" edge="1" parent="p_zbE48mkgvGThIX2O5B-1" source="p_zbE48mkgvGThIX2O5B-33" target="p_zbE48mkgvGThIX2O5B-41">
          <mxGeometry relative="1" as="geometry" />
        </mxCell>
        <mxCell id="p_zbE48mkgvGThIX2O5B-57" style="edgeStyle=orthogonalEdgeStyle;rounded=0;orthogonalLoop=1;jettySize=auto;html=1;exitX=0.5;exitY=1;exitDx=0;exitDy=0;entryX=0.5;entryY=0;entryDx=0;entryDy=0;" edge="1" parent="p_zbE48mkgvGThIX2O5B-1" source="p_zbE48mkgvGThIX2O5B-47" target="p_zbE48mkgvGThIX2O5B-51">
          <mxGeometry relative="1" as="geometry" />
        </mxCell>
        <mxCell id="p_zbE48mkgvGThIX2O5B-60" style="edgeStyle=orthogonalEdgeStyle;rounded=0;orthogonalLoop=1;jettySize=auto;html=1;exitX=0.5;exitY=1;exitDx=0;exitDy=0;entryX=0.25;entryY=0.5;entryDx=0;entryDy=0;entryPerimeter=0;" edge="1" parent="p_zbE48mkgvGThIX2O5B-1" source="p_zbE48mkgvGThIX2O5B-53" target="p_zbE48mkgvGThIX2O5B-58">
          <mxGeometry relative="1" as="geometry">
            <Array as="points">
              <mxPoint x="70" y="1000" />
              <mxPoint x="790" y="1000" />
            </Array>
          </mxGeometry>
        </mxCell>
        <mxCell id="p_zbE48mkgvGThIX2O5B-66" style="edgeStyle=orthogonalEdgeStyle;rounded=0;orthogonalLoop=1;jettySize=auto;html=1;exitX=0;exitY=0.5;exitDx=0;exitDy=0;exitPerimeter=0;entryX=0.5;entryY=0;entryDx=0;entryDy=0;" edge="1" parent="p_zbE48mkgvGThIX2O5B-1" source="p_zbE48mkgvGThIX2O5B-58" target="p_zbE48mkgvGThIX2O5B-63">
          <mxGeometry relative="1" as="geometry" />
        </mxCell>
        <mxCell id="p_zbE48mkgvGThIX2O5B-75" style="edgeStyle=orthogonalEdgeStyle;rounded=0;orthogonalLoop=1;jettySize=auto;html=1;exitX=0;exitY=0.5;exitDx=0;exitDy=0;entryX=0.5;entryY=0;entryDx=0;entryDy=0;" edge="1" parent="p_zbE48mkgvGThIX2O5B-1" source="p_zbE48mkgvGThIX2O5B-69" target="p_zbE48mkgvGThIX2O5B-73">
          <mxGeometry relative="1" as="geometry">
            <Array as="points">
              <mxPoint x="330" y="1225" />
              <mxPoint x="330" y="1270" />
              <mxPoint x="1020" y="1270" />
            </Array>
          </mxGeometry>
        </mxCell>
        <mxCell id="p_zbE48mkgvGThIX2O5B-90" style="edgeStyle=orthogonalEdgeStyle;rounded=0;orthogonalLoop=1;jettySize=auto;html=1;exitX=0.5;exitY=1;exitDx=0;exitDy=0;entryX=0.5;entryY=0;entryDx=0;entryDy=0;" edge="1" parent="p_zbE48mkgvGThIX2O5B-1" source="p_zbE48mkgvGThIX2O5B-73" target="p_zbE48mkgvGThIX2O5B-88">
          <mxGeometry relative="1" as="geometry">
            <Array as="points">
              <mxPoint x="1020" y="1420" />
              <mxPoint x="350" y="1420" />
            </Array>
          </mxGeometry>
        </mxCell>
        <mxCell id="p_zbE48mkgvGThIX2O5B-94" style="edgeStyle=orthogonalEdgeStyle;rounded=0;orthogonalLoop=1;jettySize=auto;html=1;exitX=0.5;exitY=1;exitDx=0;exitDy=0;entryX=0.5;entryY=0;entryDx=0;entryDy=0;" edge="1" parent="p_zbE48mkgvGThIX2O5B-1" source="p_zbE48mkgvGThIX2O5B-80" target="p_zbE48mkgvGThIX2O5B-93">
          <mxGeometry relative="1" as="geometry" />
        </mxCell>
      </root>
    </mxGraphModel>
  </diagram>
</mxfile>
