<?xml version="1.0" encoding="UTF-8"?>
<mxfile host="app.diagrams.net" agent="Mozilla/5.0 (Windows NT 10.0; Win64; x64) AppleWebKit/537.36 (KHTML, like Gecko) Chrome/138.0.0.0 Safari/537.36 OPR/122.0.0.0" version="28.2.5">
  <diagram name="Сторінка-1" id="bwmbaDKK_-HeoKQRUPrd">
    <mxGraphModel dx="1938" dy="869" grid="1" gridSize="10" guides="1" tooltips="1" connect="1" arrows="1" fold="1" page="1" pageScale="1" pageWidth="1169" pageHeight="827" math="0" shadow="0">
      <root>
        <mxCell id="0" />
        <mxCell id="1" parent="0" />
        <mxCell id="zgHi8Q2CUKx8ZbxK93CV-1" value="Клієнт" style="shape=umlActor;verticalLabelPosition=bottom;verticalAlign=top;html=1;outlineConnect=0;container=0;" vertex="1" parent="1">
          <mxGeometry x="120" y="230" width="50" height="90" as="geometry" />
        </mxCell>
        <mxCell id="zgHi8Q2CUKx8ZbxK93CV-3" value="Сайт магазину" style="rounded=1;whiteSpace=wrap;html=1;container=0;" vertex="1" parent="1">
          <mxGeometry x="350" y="240" width="150" height="90" as="geometry" />
        </mxCell>
        <mxCell id="zgHi8Q2CUKx8ZbxK93CV-4" value="Кур&#39;єр" style="shape=umlActor;verticalLabelPosition=bottom;verticalAlign=top;html=1;outlineConnect=0;container=0;" vertex="1" parent="1">
          <mxGeometry x="700" y="230" width="50" height="90" as="geometry" />
        </mxCell>
        <mxCell id="zgHi8Q2CUKx8ZbxK93CV-5" value="Одержувач" style="shape=umlActor;verticalLabelPosition=bottom;verticalAlign=top;html=1;outlineConnect=0;container=0;" vertex="1" parent="1">
          <mxGeometry x="935" y="230" width="50" height="90" as="geometry" />
        </mxCell>
        <mxCell id="zgHi8Q2CUKx8ZbxK93CV-9" value="" style="endArrow=classic;html=1;rounded=0;" edge="1" parent="1">
          <mxGeometry width="50" height="50" relative="1" as="geometry">
            <mxPoint x="180" y="250" as="sourcePoint" />
            <mxPoint x="330" y="250" as="targetPoint" />
          </mxGeometry>
        </mxCell>
        <mxCell id="zgHi8Q2CUKx8ZbxK93CV-10" value="1. Оформити замовлення" style="text;html=1;align=center;verticalAlign=middle;resizable=0;points=[];autosize=1;strokeColor=none;fillColor=none;" vertex="1" parent="1">
          <mxGeometry x="170" y="210" width="170" height="30" as="geometry" />
        </mxCell>
        <mxCell id="zgHi8Q2CUKx8ZbxK93CV-12" value="2. Призначити забір" style="text;html=1;align=center;verticalAlign=middle;resizable=0;points=[];autosize=1;strokeColor=none;fillColor=none;" vertex="1" parent="1">
          <mxGeometry x="540" y="110" width="130" height="30" as="geometry" />
        </mxCell>
        <mxCell id="zgHi8Q2CUKx8ZbxK93CV-13" value="" style="endArrow=classic;html=1;rounded=0;" edge="1" parent="1">
          <mxGeometry width="50" height="50" relative="1" as="geometry">
            <mxPoint x="755" y="280" as="sourcePoint" />
            <mxPoint x="925" y="280" as="targetPoint" />
          </mxGeometry>
        </mxCell>
        <mxCell id="zgHi8Q2CUKx8ZbxK93CV-14" value="7. Доставити посилку" style="text;html=1;align=center;verticalAlign=middle;resizable=0;points=[];autosize=1;strokeColor=none;fillColor=none;" vertex="1" parent="1">
          <mxGeometry x="765" y="240" width="140" height="30" as="geometry" />
        </mxCell>
        <mxCell id="zgHi8Q2CUKx8ZbxK93CV-15" value="" style="endArrow=classic;html=1;rounded=0;" edge="1" parent="1">
          <mxGeometry width="50" height="50" relative="1" as="geometry">
            <mxPoint x="925" y="310" as="sourcePoint" />
            <mxPoint x="765" y="310" as="targetPoint" />
          </mxGeometry>
        </mxCell>
        <mxCell id="zgHi8Q2CUKx8ZbxK93CV-16" value="8. Підтвердження" style="text;html=1;align=center;verticalAlign=middle;resizable=0;points=[];autosize=1;strokeColor=none;fillColor=none;" vertex="1" parent="1">
          <mxGeometry x="785" y="280" width="120" height="30" as="geometry" />
        </mxCell>
        <mxCell id="zgHi8Q2CUKx8ZbxK93CV-18" value="" style="endArrow=classic;html=1;rounded=0;" edge="1" parent="1">
          <mxGeometry width="50" height="50" relative="1" as="geometry">
            <mxPoint x="320" y="294.09" as="sourcePoint" />
            <mxPoint x="190" y="294.09" as="targetPoint" />
          </mxGeometry>
        </mxCell>
        <mxCell id="zgHi8Q2CUKx8ZbxK93CV-19" value="4. Підтвердження замовлення" style="text;html=1;align=center;verticalAlign=middle;resizable=0;points=[];autosize=1;strokeColor=none;fillColor=none;" vertex="1" parent="1">
          <mxGeometry x="160" y="260" width="190" height="30" as="geometry" />
        </mxCell>
        <mxCell id="zgHi8Q2CUKx8ZbxK93CV-20" value="" style="endArrow=classic;html=1;rounded=0;" edge="1" parent="1">
          <mxGeometry width="50" height="50" relative="1" as="geometry">
            <mxPoint x="330" y="330" as="sourcePoint" />
            <mxPoint x="190" y="330" as="targetPoint" />
          </mxGeometry>
        </mxCell>
        <mxCell id="zgHi8Q2CUKx8ZbxK93CV-21" value="10. Нотифікація: Доставлено" style="text;html=1;align=center;verticalAlign=middle;resizable=0;points=[];autosize=1;strokeColor=none;fillColor=none;" vertex="1" parent="1">
          <mxGeometry x="170" y="300" width="180" height="30" as="geometry" />
        </mxCell>
        <mxCell id="zgHi8Q2CUKx8ZbxK93CV-22" value="" style="endArrow=classic;html=1;rounded=0;" edge="1" parent="1">
          <mxGeometry width="50" height="50" relative="1" as="geometry">
            <mxPoint x="687" y="262.18" as="sourcePoint" />
            <mxPoint x="519.5" y="262.27" as="targetPoint" />
          </mxGeometry>
        </mxCell>
        <mxCell id="zgHi8Q2CUKx8ZbxK93CV-23" value="3. Підтвердження призначення" style="text;html=1;align=center;verticalAlign=middle;resizable=0;points=[];autosize=1;strokeColor=none;fillColor=none;" vertex="1" parent="1">
          <mxGeometry x="500" y="228.18" width="200" height="30" as="geometry" />
        </mxCell>
        <mxCell id="zgHi8Q2CUKx8ZbxK93CV-25" value="6. Статус: у кур&#39;єра" style="text;html=1;align=center;verticalAlign=middle;resizable=0;points=[];autosize=1;strokeColor=none;fillColor=none;" vertex="1" parent="1">
          <mxGeometry x="535" y="268.18" width="130" height="30" as="geometry" />
        </mxCell>
        <mxCell id="zgHi8Q2CUKx8ZbxK93CV-26" value="" style="endArrow=classic;html=1;rounded=0;" edge="1" parent="1">
          <mxGeometry width="50" height="50" relative="1" as="geometry">
            <mxPoint x="690" y="298.18" as="sourcePoint" />
            <mxPoint x="520" y="298.18" as="targetPoint" />
          </mxGeometry>
        </mxCell>
        <mxCell id="zgHi8Q2CUKx8ZbxK93CV-27" value="" style="endArrow=classic;html=1;rounded=0;" edge="1" parent="1">
          <mxGeometry width="50" height="50" relative="1" as="geometry">
            <mxPoint x="690" y="328.18" as="sourcePoint" />
            <mxPoint x="520" y="328.18" as="targetPoint" />
          </mxGeometry>
        </mxCell>
        <mxCell id="zgHi8Q2CUKx8ZbxK93CV-28" value="9. Підтвердження доставки" style="text;html=1;align=center;verticalAlign=middle;resizable=0;points=[];autosize=1;strokeColor=none;fillColor=none;" vertex="1" parent="1">
          <mxGeometry x="520" y="298.18" width="170" height="30" as="geometry" />
        </mxCell>
        <mxCell id="zgHi8Q2CUKx8ZbxK93CV-29" value="" style="endArrow=classic;html=1;rounded=0;edgeStyle=orthogonalEdgeStyle;curved=1;" edge="1" parent="1">
          <mxGeometry width="50" height="50" relative="1" as="geometry">
            <mxPoint x="500" y="220" as="sourcePoint" />
            <mxPoint x="730" y="210" as="targetPoint" />
            <Array as="points">
              <mxPoint x="500" y="150" />
              <mxPoint x="730" y="150" />
            </Array>
          </mxGeometry>
        </mxCell>
        <mxCell id="zgHi8Q2CUKx8ZbxK93CV-31" value="" style="endArrow=classic;html=1;rounded=0;edgeStyle=orthogonalEdgeStyle;curved=1;" edge="1" parent="1">
          <mxGeometry width="50" height="50" relative="1" as="geometry">
            <mxPoint x="710" y="350" as="sourcePoint" />
            <mxPoint x="180" y="360" as="targetPoint" />
            <Array as="points">
              <mxPoint x="710" y="400" />
              <mxPoint x="180" y="400" />
            </Array>
          </mxGeometry>
        </mxCell>
        <mxCell id="zgHi8Q2CUKx8ZbxK93CV-32" value="5. Забрати посилку" style="text;html=1;align=center;verticalAlign=middle;resizable=0;points=[];autosize=1;strokeColor=none;fillColor=none;" vertex="1" parent="1">
          <mxGeometry x="360" y="408" width="130" height="30" as="geometry" />
        </mxCell>
      </root>
    </mxGraphModel>
  </diagram>
</mxfile>
