<?xml version="1.0" encoding="UTF-8"?>
<mxfile host="app.diagrams.net" agent="Mozilla/5.0 (Windows NT 10.0; Win64; x64) AppleWebKit/537.36 (KHTML, like Gecko) Chrome/138.0.0.0 Safari/537.36 OPR/122.0.0.0" version="28.2.5">
  <diagram name="Сторінка-1" id="YyIXXyo5IckkSJb6fjXy">
    <mxGraphModel dx="1378" dy="797" grid="1" gridSize="10" guides="1" tooltips="1" connect="1" arrows="1" fold="1" page="1" pageScale="1" pageWidth="1169" pageHeight="827" math="0" shadow="0">
      <root>
        <mxCell id="0" />
        <mxCell id="1" parent="0" />
        <mxCell id="xXaAY1yTEQt8MVZ5gZyL-1" value="&lt;font&gt;Користувач&lt;/font&gt;" style="shape=umlActor;verticalLabelPosition=bottom;verticalAlign=top;html=1;outlineConnect=0;fontSize=10;" parent="1" vertex="1">
          <mxGeometry x="13.919999999999998" y="288" width="88.46" height="152" as="geometry" />
        </mxCell>
        <mxCell id="xXaAY1yTEQt8MVZ5gZyL-2" value="&lt;font&gt;Вебклієнт&lt;/font&gt;" style="rounded=1;whiteSpace=wrap;html=1;fontSize=10;" parent="1" vertex="1">
          <mxGeometry x="222.38" y="240" width="192.66" height="370" as="geometry" />
        </mxCell>
        <mxCell id="a1Mjse4duNAR0XHATgH--61" style="edgeStyle=orthogonalEdgeStyle;rounded=0;orthogonalLoop=1;jettySize=auto;html=1;exitX=0.75;exitY=0;exitDx=0;exitDy=0;entryX=0.25;entryY=0;entryDx=0;entryDy=0;curved=1;" edge="1" parent="1" source="xXaAY1yTEQt8MVZ5gZyL-3" target="xXaAY1yTEQt8MVZ5gZyL-7">
          <mxGeometry relative="1" as="geometry">
            <Array as="points">
              <mxPoint x="754" y="170" />
              <mxPoint x="1468" y="170" />
            </Array>
          </mxGeometry>
        </mxCell>
        <mxCell id="a1Mjse4duNAR0XHATgH--63" style="edgeStyle=orthogonalEdgeStyle;rounded=0;orthogonalLoop=1;jettySize=auto;html=1;exitX=0.5;exitY=0;exitDx=0;exitDy=0;entryX=0.75;entryY=0;entryDx=0;entryDy=0;curved=1;" edge="1" parent="1" source="xXaAY1yTEQt8MVZ5gZyL-3" target="xXaAY1yTEQt8MVZ5gZyL-7">
          <mxGeometry relative="1" as="geometry">
            <Array as="points">
              <mxPoint x="705" y="110" />
              <mxPoint x="1565" y="110" />
            </Array>
          </mxGeometry>
        </mxCell>
        <mxCell id="xXaAY1yTEQt8MVZ5gZyL-3" value="&lt;font&gt;Сервіс рецептів&lt;/font&gt;" style="rounded=1;whiteSpace=wrap;html=1;fontSize=10;" parent="1" vertex="1">
          <mxGeometry x="609" y="250" width="192.66" height="360" as="geometry" />
        </mxCell>
        <mxCell id="a1Mjse4duNAR0XHATgH--64" style="edgeStyle=orthogonalEdgeStyle;rounded=0;orthogonalLoop=1;jettySize=auto;html=1;exitX=0.25;exitY=1;exitDx=0;exitDy=0;entryX=0.75;entryY=1;entryDx=0;entryDy=0;curved=1;" edge="1" parent="1" source="xXaAY1yTEQt8MVZ5gZyL-4" target="xXaAY1yTEQt8MVZ5gZyL-3">
          <mxGeometry relative="1" as="geometry">
            <Array as="points">
              <mxPoint x="1238" y="700" />
              <mxPoint x="754" y="700" />
            </Array>
          </mxGeometry>
        </mxCell>
        <mxCell id="xXaAY1yTEQt8MVZ5gZyL-4" value="&lt;font&gt;Сервіс рейтингів&lt;/font&gt;" style="rounded=1;whiteSpace=wrap;html=1;fontSize=10;" parent="1" vertex="1">
          <mxGeometry x="1190" y="255" width="192.66" height="350" as="geometry" />
        </mxCell>
        <mxCell id="xXaAY1yTEQt8MVZ5gZyL-6" value="База даних" style="shape=datastore;whiteSpace=wrap;html=1;fontSize=10;" parent="1" vertex="1">
          <mxGeometry x="981.66" y="280" width="120.62" height="330" as="geometry" />
        </mxCell>
        <mxCell id="xXaAY1yTEQt8MVZ5gZyL-7" value="&lt;font&gt;Сервіс автентифікації&lt;/font&gt;" style="rounded=1;whiteSpace=wrap;html=1;fontSize=10;" parent="1" vertex="1">
          <mxGeometry x="1420" y="250" width="192.66" height="350" as="geometry" />
        </mxCell>
        <mxCell id="a1Mjse4duNAR0XHATgH--1" value="" style="endArrow=classic;html=1;rounded=0;fontSize=10;" edge="1" parent="1">
          <mxGeometry width="50" height="50" relative="1" as="geometry">
            <mxPoint x="112.51916083916086" y="310.77384615384614" as="sourcePoint" />
            <mxPoint x="213.91776223776225" y="310.77384615384614" as="targetPoint" />
          </mxGeometry>
        </mxCell>
        <mxCell id="a1Mjse4duNAR0XHATgH--2" value="1. Відкрити сторінку&amp;nbsp;&lt;div&gt;сервісу&lt;/div&gt;" style="text;html=1;align=center;verticalAlign=middle;resizable=0;points=[];autosize=1;strokeColor=none;fillColor=none;fontSize=10;" vertex="1" parent="1">
          <mxGeometry x="102.37944055944057" y="264.62" width="120" height="40" as="geometry" />
        </mxCell>
        <mxCell id="a1Mjse4duNAR0XHATgH--4" value="" style="endArrow=classic;html=1;rounded=0;fontSize=10;" edge="1" parent="1">
          <mxGeometry width="50" height="50" relative="1" as="geometry">
            <mxPoint x="112.51916083916086" y="356.58153846153846" as="sourcePoint" />
            <mxPoint x="213.91776223776225" y="356.58153846153846" as="targetPoint" />
          </mxGeometry>
        </mxCell>
        <mxCell id="a1Mjse4duNAR0XHATgH--5" value="3. Відкрити вибраний&lt;div&gt;рецепт&lt;/div&gt;" style="text;html=1;align=center;verticalAlign=middle;resizable=0;points=[];autosize=1;strokeColor=none;fillColor=none;fontSize=10;" vertex="1" parent="1">
          <mxGeometry x="102.37944055944057" y="310.77384615384614" width="120" height="40" as="geometry" />
        </mxCell>
        <mxCell id="a1Mjse4duNAR0XHATgH--6" value="" style="endArrow=classic;html=1;rounded=0;fontSize=10;" edge="1" parent="1">
          <mxGeometry width="50" height="50" relative="1" as="geometry">
            <mxPoint x="112.51916083916086" y="391.5430769230769" as="sourcePoint" />
            <mxPoint x="213.91776223776225" y="391.5430769230769" as="targetPoint" />
          </mxGeometry>
        </mxCell>
        <mxCell id="a1Mjse4duNAR0XHATgH--7" value="&lt;font&gt;4. Виставити оцінку,&lt;/font&gt;&lt;div&gt;&lt;font&gt;додати коментар&lt;/font&gt;&lt;/div&gt;" style="text;html=1;align=center;verticalAlign=middle;resizable=0;points=[];autosize=1;strokeColor=none;fillColor=none;fontSize=10;" vertex="1" parent="1">
          <mxGeometry x="92.23958041958043" y="350.7692307692308" width="120" height="40" as="geometry" />
        </mxCell>
        <mxCell id="a1Mjse4duNAR0XHATgH--9" value="" style="endArrow=classic;html=1;rounded=0;fontSize=10;" edge="1" parent="1">
          <mxGeometry width="50" height="50" relative="1" as="geometry">
            <mxPoint x="112.80000000000001" y="424.62" as="sourcePoint" />
            <mxPoint x="112.80000000000001" y="424.62" as="targetPoint" />
            <Array as="points">
              <mxPoint x="212.24" y="424.62" />
            </Array>
          </mxGeometry>
        </mxCell>
        <mxCell id="a1Mjse4duNAR0XHATgH--10" value="&lt;font&gt;4.11 Показати&amp;nbsp;&lt;/font&gt;&lt;div&gt;&lt;font&gt;оновлені дані&lt;/font&gt;&lt;/div&gt;" style="text;html=1;align=center;verticalAlign=middle;resizable=0;points=[];autosize=1;strokeColor=none;fillColor=none;fontSize=10;" vertex="1" parent="1">
          <mxGeometry x="117.38000000000001" y="389.62" width="90" height="40" as="geometry" />
        </mxCell>
        <mxCell id="a1Mjse4duNAR0XHATgH--11" value="" style="endArrow=classic;html=1;rounded=0;entryX=1.006;entryY=0.99;entryDx=0;entryDy=0;entryPerimeter=0;fontSize=10;" edge="1" parent="1" target="a1Mjse4duNAR0XHATgH--12">
          <mxGeometry width="50" height="50" relative="1" as="geometry">
            <mxPoint x="420" y="280" as="sourcePoint" />
            <mxPoint x="600" y="280" as="targetPoint" />
          </mxGeometry>
        </mxCell>
        <mxCell id="a1Mjse4duNAR0XHATgH--12" value="&lt;font&gt;1.1 Запит на початок автентифікації&lt;/font&gt;" style="text;html=1;align=center;verticalAlign=middle;resizable=0;points=[];autosize=1;strokeColor=none;fillColor=none;fontSize=10;" vertex="1" parent="1">
          <mxGeometry x="415.04" y="250" width="190" height="30" as="geometry" />
        </mxCell>
        <mxCell id="a1Mjse4duNAR0XHATgH--13" value="" style="endArrow=classic;html=1;rounded=0;entryX=1.006;entryY=0.99;entryDx=0;entryDy=0;entryPerimeter=0;fontSize=10;" edge="1" parent="1">
          <mxGeometry width="50" height="50" relative="1" as="geometry">
            <mxPoint x="419.04" y="310" as="sourcePoint" />
            <mxPoint x="605.04" y="310" as="targetPoint" />
          </mxGeometry>
        </mxCell>
        <mxCell id="a1Mjse4duNAR0XHATgH--14" value="&lt;font&gt;2. Отримати перелік рецептів&lt;/font&gt;" style="text;html=1;align=center;verticalAlign=middle;resizable=0;points=[];autosize=1;strokeColor=none;fillColor=none;fontSize=10;" vertex="1" parent="1">
          <mxGeometry x="430.04" y="286.15" width="160" height="30" as="geometry" />
        </mxCell>
        <mxCell id="a1Mjse4duNAR0XHATgH--15" value="" style="endArrow=classic;html=1;rounded=0;entryX=1.006;entryY=0.99;entryDx=0;entryDy=0;entryPerimeter=0;fontSize=10;" edge="1" parent="1">
          <mxGeometry width="50" height="50" relative="1" as="geometry">
            <mxPoint x="419.04" y="340" as="sourcePoint" />
            <mxPoint x="605.04" y="340" as="targetPoint" />
          </mxGeometry>
        </mxCell>
        <mxCell id="a1Mjse4duNAR0XHATgH--16" value="&lt;font&gt;3.1 Отримати деталі рецепта&lt;/font&gt;" style="text;html=1;align=center;verticalAlign=middle;resizable=0;points=[];autosize=1;strokeColor=none;fillColor=none;fontSize=10;" vertex="1" parent="1">
          <mxGeometry x="424" y="316.15" width="160" height="30" as="geometry" />
        </mxCell>
        <mxCell id="a1Mjse4duNAR0XHATgH--17" value="" style="endArrow=classic;html=1;rounded=0;entryX=1.006;entryY=0.99;entryDx=0;entryDy=0;entryPerimeter=0;fontSize=10;" edge="1" parent="1">
          <mxGeometry width="50" height="50" relative="1" as="geometry">
            <mxPoint x="419.03999999999996" y="374.64" as="sourcePoint" />
            <mxPoint x="605.04" y="374.64" as="targetPoint" />
          </mxGeometry>
        </mxCell>
        <mxCell id="a1Mjse4duNAR0XHATgH--18" value="&lt;font&gt;4.1 Зберегти оцінку і коментар&lt;/font&gt;" style="text;html=1;align=center;verticalAlign=middle;resizable=0;points=[];autosize=1;strokeColor=none;fillColor=none;fontSize=10;" vertex="1" parent="1">
          <mxGeometry x="419" y="350" width="170" height="30" as="geometry" />
        </mxCell>
        <mxCell id="a1Mjse4duNAR0XHATgH--19" value="" style="endArrow=classic;html=1;rounded=0;entryX=1.006;entryY=0.99;entryDx=0;entryDy=0;entryPerimeter=0;fontSize=10;" edge="1" parent="1">
          <mxGeometry width="50" height="50" relative="1" as="geometry">
            <mxPoint x="605.04" y="400" as="sourcePoint" />
            <mxPoint x="419.04" y="400" as="targetPoint" />
          </mxGeometry>
        </mxCell>
        <mxCell id="a1Mjse4duNAR0XHATgH--20" value="&lt;font&gt;1.4 Сесія створена&lt;/font&gt;" style="text;html=1;align=center;verticalAlign=middle;resizable=0;points=[];autosize=1;strokeColor=none;fillColor=none;fontSize=10;" vertex="1" parent="1">
          <mxGeometry x="449" y="380" width="110" height="30" as="geometry" />
        </mxCell>
        <mxCell id="a1Mjse4duNAR0XHATgH--21" value="" style="endArrow=classic;html=1;rounded=0;entryX=1.006;entryY=0.99;entryDx=0;entryDy=0;entryPerimeter=0;fontSize=10;" edge="1" parent="1">
          <mxGeometry width="50" height="50" relative="1" as="geometry">
            <mxPoint x="605.04" y="430" as="sourcePoint" />
            <mxPoint x="419.03999999999996" y="430" as="targetPoint" />
          </mxGeometry>
        </mxCell>
        <mxCell id="a1Mjse4duNAR0XHATgH--22" value="&lt;font&gt;2.3 Повернути список для відображення&lt;/font&gt;" style="text;html=1;align=center;verticalAlign=middle;resizable=0;points=[];autosize=1;strokeColor=none;fillColor=none;fontSize=10;" vertex="1" parent="1">
          <mxGeometry x="405.04" y="399.62" width="210" height="30" as="geometry" />
        </mxCell>
        <mxCell id="a1Mjse4duNAR0XHATgH--23" value="" style="endArrow=classic;html=1;rounded=0;entryX=1.006;entryY=0.99;entryDx=0;entryDy=0;entryPerimeter=0;fontSize=10;" edge="1" parent="1">
          <mxGeometry width="50" height="50" relative="1" as="geometry">
            <mxPoint x="605" y="470" as="sourcePoint" />
            <mxPoint x="419" y="470" as="targetPoint" />
          </mxGeometry>
        </mxCell>
        <mxCell id="a1Mjse4duNAR0XHATgH--24" value="&lt;font&gt;3.4 Повернути дані для відображення&lt;/font&gt;" style="text;html=1;align=center;verticalAlign=middle;resizable=0;points=[];autosize=1;strokeColor=none;fillColor=none;fontSize=10;" vertex="1" parent="1">
          <mxGeometry x="409" y="440" width="200" height="30" as="geometry" />
        </mxCell>
        <mxCell id="a1Mjse4duNAR0XHATgH--25" value="" style="endArrow=classic;html=1;rounded=0;entryX=1.006;entryY=0.99;entryDx=0;entryDy=0;entryPerimeter=0;fontSize=10;" edge="1" parent="1">
          <mxGeometry width="50" height="50" relative="1" as="geometry">
            <mxPoint x="609" y="510" as="sourcePoint" />
            <mxPoint x="423" y="510" as="targetPoint" />
          </mxGeometry>
        </mxCell>
        <mxCell id="a1Mjse4duNAR0XHATgH--26" value="&lt;font&gt;4.10 Повернути оновлені дані&lt;/font&gt;" style="text;html=1;align=center;verticalAlign=middle;resizable=0;points=[];autosize=1;strokeColor=none;fillColor=none;fontSize=10;" vertex="1" parent="1">
          <mxGeometry x="429" y="488" width="160" height="30" as="geometry" />
        </mxCell>
        <mxCell id="a1Mjse4duNAR0XHATgH--30" value="&lt;font&gt;4.4 Перерахувати середній рейтинг&lt;/font&gt;" style="text;html=1;align=center;verticalAlign=middle;resizable=0;points=[];autosize=1;strokeColor=none;fillColor=none;fontSize=10;" vertex="1" parent="1">
          <mxGeometry x="840" y="190" width="190" height="30" as="geometry" />
        </mxCell>
        <mxCell id="a1Mjse4duNAR0XHATgH--32" value="&lt;font&gt;1.2 Перевірити користувача&lt;/font&gt;" style="text;html=1;align=center;verticalAlign=middle;resizable=0;points=[];autosize=1;strokeColor=none;fillColor=none;fontSize=10;" vertex="1" parent="1">
          <mxGeometry x="1040" y="140" width="150" height="30" as="geometry" />
        </mxCell>
        <mxCell id="a1Mjse4duNAR0XHATgH--34" value="1.3 Підтверджено, видати доступ" style="text;html=1;align=center;verticalAlign=middle;resizable=0;points=[];autosize=1;strokeColor=none;fillColor=none;fontSize=10;" vertex="1" parent="1">
          <mxGeometry x="1025" y="80" width="180" height="30" as="geometry" />
        </mxCell>
        <mxCell id="a1Mjse4duNAR0XHATgH--35" value="" style="endArrow=classic;html=1;rounded=0;fontSize=10;" edge="1" parent="1">
          <mxGeometry width="50" height="50" relative="1" as="geometry">
            <mxPoint x="810" y="346.15" as="sourcePoint" />
            <mxPoint x="960" y="346" as="targetPoint" />
          </mxGeometry>
        </mxCell>
        <mxCell id="a1Mjse4duNAR0XHATgH--36" value="&lt;font style=&quot;font-size: 10px;&quot;&gt;2.1 Прочитати рецепти&lt;/font&gt;&lt;span style=&quot;font-size: 10px; background-color: transparent; color: light-dark(rgb(0, 0, 0), rgb(255, 255, 255));&quot;&gt;&amp;nbsp;з параметрами&lt;/span&gt;" style="text;html=1;align=center;verticalAlign=middle;resizable=0;points=[];autosize=1;strokeColor=none;fillColor=none;" vertex="1" parent="1">
          <mxGeometry x="790" y="315.77" width="200" height="30" as="geometry" />
        </mxCell>
        <mxCell id="a1Mjse4duNAR0XHATgH--37" value="" style="endArrow=classic;html=1;rounded=0;fontSize=10;" edge="1" parent="1">
          <mxGeometry width="50" height="50" relative="1" as="geometry">
            <mxPoint x="810.8299999999999" y="380" as="sourcePoint" />
            <mxPoint x="960" y="380" as="targetPoint" />
          </mxGeometry>
        </mxCell>
        <mxCell id="a1Mjse4duNAR0XHATgH--39" value="&lt;font style=&quot;font-size: 10px;&quot;&gt;3.2 Прочитати рецепт,&amp;nbsp;&lt;/font&gt;&lt;span style=&quot;font-size: 10px; background-color: transparent; color: light-dark(rgb(0, 0, 0), rgb(255, 255, 255));&quot;&gt;коментарі&lt;/span&gt;" style="text;html=1;align=center;verticalAlign=middle;resizable=0;points=[];autosize=1;strokeColor=none;fillColor=none;" vertex="1" parent="1">
          <mxGeometry x="796.66" y="350.77" width="170" height="30" as="geometry" />
        </mxCell>
        <mxCell id="a1Mjse4duNAR0XHATgH--40" value="" style="endArrow=classic;html=1;rounded=0;fontSize=10;" edge="1" parent="1">
          <mxGeometry width="50" height="50" relative="1" as="geometry">
            <mxPoint x="810" y="413" as="sourcePoint" />
            <mxPoint x="960" y="413" as="targetPoint" />
          </mxGeometry>
        </mxCell>
        <mxCell id="a1Mjse4duNAR0XHATgH--41" value="&lt;font style=&quot;font-size: 10px;&quot;&gt;4.2 Записати оцінку,&amp;nbsp;&lt;/font&gt;&lt;span style=&quot;font-size: 10px; background-color: transparent; color: light-dark(rgb(0, 0, 0), rgb(255, 255, 255));&quot;&gt;коментар&lt;/span&gt;" style="text;html=1;align=center;verticalAlign=middle;resizable=0;points=[];autosize=1;strokeColor=none;fillColor=none;" vertex="1" parent="1">
          <mxGeometry x="800" y="384" width="160" height="30" as="geometry" />
        </mxCell>
        <mxCell id="a1Mjse4duNAR0XHATgH--42" value="" style="endArrow=classic;html=1;rounded=0;fontSize=10;" edge="1" parent="1">
          <mxGeometry width="50" height="50" relative="1" as="geometry">
            <mxPoint x="810" y="454.74" as="sourcePoint" />
            <mxPoint x="960" y="455" as="targetPoint" />
          </mxGeometry>
        </mxCell>
        <mxCell id="a1Mjse4duNAR0XHATgH--43" value="&lt;font style=&quot;font-size: 10px;&quot;&gt;4.8 Оновити рецепт&amp;nbsp;&lt;/font&gt;&lt;span style=&quot;font-size: 10px; background-color: transparent; color: light-dark(rgb(0, 0, 0), rgb(255, 255, 255));&quot;&gt;новим рейтингом&lt;/span&gt;" style="text;html=1;align=center;verticalAlign=middle;resizable=0;points=[];autosize=1;strokeColor=none;fillColor=none;" vertex="1" parent="1">
          <mxGeometry x="790" y="420" width="200" height="30" as="geometry" />
        </mxCell>
        <mxCell id="a1Mjse4duNAR0XHATgH--45" value="&lt;font style=&quot;font-size: 10px;&quot;&gt;2.2 Список рецептів та оцінок&lt;/font&gt;" style="text;html=1;align=center;verticalAlign=middle;resizable=0;points=[];autosize=1;strokeColor=none;fillColor=none;" vertex="1" parent="1">
          <mxGeometry x="801.66" y="460" width="160" height="30" as="geometry" />
        </mxCell>
        <mxCell id="a1Mjse4duNAR0XHATgH--46" value="" style="endArrow=classic;html=1;rounded=0;fontSize=10;" edge="1" parent="1">
          <mxGeometry width="50" height="50" relative="1" as="geometry">
            <mxPoint x="960" y="488" as="sourcePoint" />
            <mxPoint x="810" y="488" as="targetPoint" />
          </mxGeometry>
        </mxCell>
        <mxCell id="a1Mjse4duNAR0XHATgH--48" value="" style="endArrow=classic;html=1;rounded=0;fontSize=10;" edge="1" parent="1">
          <mxGeometry width="50" height="50" relative="1" as="geometry">
            <mxPoint x="961.66" y="518" as="sourcePoint" />
            <mxPoint x="811.66" y="518" as="targetPoint" />
          </mxGeometry>
        </mxCell>
        <mxCell id="a1Mjse4duNAR0XHATgH--49" value="&lt;font style=&quot;font-size: 10px;&quot;&gt;3.3 Дані рецепта&lt;/font&gt;" style="text;html=1;align=center;verticalAlign=middle;resizable=0;points=[];autosize=1;strokeColor=none;fillColor=none;" vertex="1" parent="1">
          <mxGeometry x="840" y="490" width="100" height="30" as="geometry" />
        </mxCell>
        <mxCell id="a1Mjse4duNAR0XHATgH--50" value="" style="endArrow=classic;html=1;rounded=0;fontSize=10;" edge="1" parent="1">
          <mxGeometry width="50" height="50" relative="1" as="geometry">
            <mxPoint x="965" y="554.62" as="sourcePoint" />
            <mxPoint x="815" y="554.62" as="targetPoint" />
          </mxGeometry>
        </mxCell>
        <mxCell id="a1Mjse4duNAR0XHATgH--51" value="&lt;font style=&quot;font-size: 10px;&quot;&gt;4.3 Запис виконано&lt;/font&gt;" style="text;html=1;align=center;verticalAlign=middle;resizable=0;points=[];autosize=1;strokeColor=none;fillColor=none;" vertex="1" parent="1">
          <mxGeometry x="835" y="530" width="110" height="30" as="geometry" />
        </mxCell>
        <mxCell id="a1Mjse4duNAR0XHATgH--52" value="" style="endArrow=classic;html=1;rounded=0;fontSize=10;" edge="1" parent="1">
          <mxGeometry width="50" height="50" relative="1" as="geometry">
            <mxPoint x="965" y="590" as="sourcePoint" />
            <mxPoint x="815" y="590" as="targetPoint" />
          </mxGeometry>
        </mxCell>
        <mxCell id="a1Mjse4duNAR0XHATgH--53" value="&lt;font style=&quot;font-size: 10px;&quot;&gt;4.9 Оновлення виконано&lt;/font&gt;" style="text;html=1;align=center;verticalAlign=middle;resizable=0;points=[];autosize=1;strokeColor=none;fillColor=none;" vertex="1" parent="1">
          <mxGeometry x="821.66" y="560" width="140" height="30" as="geometry" />
        </mxCell>
        <mxCell id="a1Mjse4duNAR0XHATgH--55" value="&lt;font style=&quot;font-size: 10px;&quot;&gt;4.7 Новий середній рейтинг&lt;/font&gt;" style="text;html=1;align=center;verticalAlign=middle;resizable=0;points=[];autosize=1;strokeColor=none;fillColor=none;" vertex="1" parent="1">
          <mxGeometry x="910" y="700" width="150" height="30" as="geometry" />
        </mxCell>
        <mxCell id="a1Mjse4duNAR0XHATgH--56" value="" style="endArrow=classic;html=1;rounded=0;fontSize=10;" edge="1" parent="1">
          <mxGeometry width="50" height="50" relative="1" as="geometry">
            <mxPoint x="1190" y="409" as="sourcePoint" />
            <mxPoint x="1102.28" y="408.82" as="targetPoint" />
          </mxGeometry>
        </mxCell>
        <mxCell id="a1Mjse4duNAR0XHATgH--57" value="&lt;font style=&quot;font-size: 10px;&quot;&gt;4.5 Отримати всі&amp;nbsp;&lt;/font&gt;&lt;div&gt;&lt;font style=&quot;font-size: 10px;&quot;&gt;оцінки рецепта&lt;/font&gt;&lt;/div&gt;" style="text;html=1;align=center;verticalAlign=middle;resizable=0;points=[];autosize=1;strokeColor=none;fillColor=none;" vertex="1" parent="1">
          <mxGeometry x="1100" y="370" width="100" height="40" as="geometry" />
        </mxCell>
        <mxCell id="a1Mjse4duNAR0XHATgH--58" value="" style="endArrow=classic;html=1;rounded=0;fontSize=10;" edge="1" parent="1">
          <mxGeometry width="50" height="50" relative="1" as="geometry">
            <mxPoint x="1102.28" y="330.58" as="sourcePoint" />
            <mxPoint x="1190" y="330.76" as="targetPoint" />
          </mxGeometry>
        </mxCell>
        <mxCell id="a1Mjse4duNAR0XHATgH--59" value="&lt;font style=&quot;font-size: 10px;&quot;&gt;4.6 Перелік оцінок&lt;/font&gt;" style="text;html=1;align=center;verticalAlign=middle;resizable=0;points=[];autosize=1;strokeColor=none;fillColor=none;" vertex="1" parent="1">
          <mxGeometry x="1090" y="304.62" width="110" height="30" as="geometry" />
        </mxCell>
        <mxCell id="a1Mjse4duNAR0XHATgH--60" style="edgeStyle=orthogonalEdgeStyle;rounded=0;orthogonalLoop=1;jettySize=auto;html=1;exitX=1;exitY=0;exitDx=0;exitDy=0;entryX=0.096;entryY=-0.001;entryDx=0;entryDy=0;entryPerimeter=0;curved=1;" edge="1" parent="1" source="xXaAY1yTEQt8MVZ5gZyL-3" target="xXaAY1yTEQt8MVZ5gZyL-4">
          <mxGeometry relative="1" as="geometry">
            <Array as="points">
              <mxPoint x="802" y="220" />
              <mxPoint x="1209" y="220" />
            </Array>
          </mxGeometry>
        </mxCell>
      </root>
    </mxGraphModel>
  </diagram>
</mxfile>
