<?xml version="1.0" encoding="UTF-8"?>
<mxfile host="app.diagrams.net" agent="Mozilla/5.0 (Windows NT 10.0; Win64; x64) AppleWebKit/537.36 (KHTML, like Gecko) Chrome/138.0.0.0 Safari/537.36 OPR/122.0.0.0" version="28.2.5">
  <diagram name="Сторінка-1" id="mjcwnRLS6Q3HyBixRtlo">
    <mxGraphModel dx="724" dy="869" grid="1" gridSize="10" guides="1" tooltips="1" connect="1" arrows="1" fold="1" page="1" pageScale="1" pageWidth="1169" pageHeight="827" math="0" shadow="0">
      <root>
        <mxCell id="0" />
        <mxCell id="1" parent="0" />
        <mxCell id="6nTvClo3rU2VO0IVS9WJ-112" value="" style="endArrow=none;dashed=1;html=1;rounded=0;entryX=0.495;entryY=1.011;entryDx=0;entryDy=0;entryPerimeter=0;" edge="1" parent="1" source="6nTvClo3rU2VO0IVS9WJ-34" target="6nTvClo3rU2VO0IVS9WJ-6">
          <mxGeometry width="50" height="50" relative="1" as="geometry">
            <mxPoint x="1100" y="910" as="sourcePoint" />
            <mxPoint x="980" y="350" as="targetPoint" />
          </mxGeometry>
        </mxCell>
        <mxCell id="6nTvClo3rU2VO0IVS9WJ-111" value="" style="endArrow=none;dashed=1;html=1;rounded=0;entryX=0.5;entryY=1;entryDx=0;entryDy=0;entryPerimeter=0;" edge="1" parent="1" target="6nTvClo3rU2VO0IVS9WJ-5">
          <mxGeometry width="50" height="50" relative="1" as="geometry">
            <mxPoint x="910" y="910" as="sourcePoint" />
            <mxPoint x="910" y="780" as="targetPoint" />
          </mxGeometry>
        </mxCell>
        <mxCell id="6nTvClo3rU2VO0IVS9WJ-110" value="" style="endArrow=none;dashed=1;html=1;rounded=0;entryX=0.5;entryY=1;entryDx=0;entryDy=0;entryPerimeter=0;" edge="1" parent="1" target="6nTvClo3rU2VO0IVS9WJ-4">
          <mxGeometry width="50" height="50" relative="1" as="geometry">
            <mxPoint x="710" y="910" as="sourcePoint" />
            <mxPoint x="770" y="380" as="targetPoint" />
          </mxGeometry>
        </mxCell>
        <mxCell id="6nTvClo3rU2VO0IVS9WJ-109" value="" style="endArrow=none;dashed=1;html=1;rounded=0;entryX=0.495;entryY=1.011;entryDx=0;entryDy=0;entryPerimeter=0;" edge="1" parent="1" target="6nTvClo3rU2VO0IVS9WJ-3">
          <mxGeometry width="50" height="50" relative="1" as="geometry">
            <mxPoint x="540" y="910" as="sourcePoint" />
            <mxPoint x="420" y="620" as="targetPoint" />
          </mxGeometry>
        </mxCell>
        <mxCell id="6nTvClo3rU2VO0IVS9WJ-108" value="" style="endArrow=none;dashed=1;html=1;rounded=0;entryX=0.602;entryY=1.053;entryDx=0;entryDy=0;entryPerimeter=0;" edge="1" parent="1" target="6nTvClo3rU2VO0IVS9WJ-2">
          <mxGeometry width="50" height="50" relative="1" as="geometry">
            <mxPoint x="314" y="920" as="sourcePoint" />
            <mxPoint x="210" y="330" as="targetPoint" />
          </mxGeometry>
        </mxCell>
        <mxCell id="6nTvClo3rU2VO0IVS9WJ-2" value="Вебклієнт" style="shape=umlBoundary;whiteSpace=wrap;html=1;" vertex="1" parent="1">
          <mxGeometry x="260" y="50" width="90" height="70" as="geometry" />
        </mxCell>
        <mxCell id="6nTvClo3rU2VO0IVS9WJ-3" value="API сервіс рецептів" style="ellipse;shape=umlControl;whiteSpace=wrap;html=1;" vertex="1" parent="1">
          <mxGeometry x="500" y="40" width="80" height="90" as="geometry" />
        </mxCell>
        <mxCell id="6nTvClo3rU2VO0IVS9WJ-11" style="edgeStyle=orthogonalEdgeStyle;rounded=0;orthogonalLoop=1;jettySize=auto;html=1;exitX=0.5;exitY=1;exitDx=0;exitDy=0;exitPerimeter=0;" edge="1" parent="1" source="6nTvClo3rU2VO0IVS9WJ-94">
          <mxGeometry relative="1" as="geometry">
            <mxPoint x="709.5714285714287" y="811.4285714285714" as="targetPoint" />
          </mxGeometry>
        </mxCell>
        <mxCell id="6nTvClo3rU2VO0IVS9WJ-4" value="База&lt;div&gt;даних&lt;/div&gt;" style="shape=cylinder3;whiteSpace=wrap;html=1;boundedLbl=1;backgroundOutline=1;size=15;" vertex="1" parent="1">
          <mxGeometry x="680" y="45" width="60" height="80" as="geometry" />
        </mxCell>
        <mxCell id="6nTvClo3rU2VO0IVS9WJ-5" value="Сервіс рейтингів" style="ellipse;shape=umlControl;whiteSpace=wrap;html=1;" vertex="1" parent="1">
          <mxGeometry x="870" y="40" width="80" height="90" as="geometry" />
        </mxCell>
        <mxCell id="6nTvClo3rU2VO0IVS9WJ-6" value="Сервіс автентифікації" style="ellipse;shape=umlControl;whiteSpace=wrap;html=1;" vertex="1" parent="1">
          <mxGeometry x="1060" y="40" width="80" height="90" as="geometry" />
        </mxCell>
        <mxCell id="6nTvClo3rU2VO0IVS9WJ-8" value="" style="endArrow=classic;html=1;rounded=0;exitX=0.575;exitY=0.983;exitDx=0;exitDy=0;exitPerimeter=0;" edge="1" parent="1" source="6nTvClo3rU2VO0IVS9WJ-18">
          <mxGeometry width="50" height="50" relative="1" as="geometry">
            <mxPoint x="280" y="240" as="sourcePoint" />
            <mxPoint x="312" y="800" as="targetPoint" />
          </mxGeometry>
        </mxCell>
        <mxCell id="6nTvClo3rU2VO0IVS9WJ-1" value="Користувач" style="shape=umlActor;verticalLabelPosition=bottom;verticalAlign=top;html=1;outlineConnect=0;" vertex="1" parent="1">
          <mxGeometry x="90" y="60" width="30" height="60" as="geometry" />
        </mxCell>
        <mxCell id="6nTvClo3rU2VO0IVS9WJ-15" value="" style="endArrow=classic;html=1;rounded=0;" edge="1" parent="1">
          <mxGeometry width="50" height="50" relative="1" as="geometry">
            <mxPoint x="110" y="160" as="sourcePoint" />
            <mxPoint x="310" y="160" as="targetPoint" />
          </mxGeometry>
        </mxCell>
        <mxCell id="6nTvClo3rU2VO0IVS9WJ-16" value="Відкрити сторінку сервісу" style="text;html=1;align=center;verticalAlign=middle;resizable=0;points=[];autosize=1;strokeColor=none;fillColor=none;" vertex="1" parent="1">
          <mxGeometry x="130" y="140" width="160" height="30" as="geometry" />
        </mxCell>
        <mxCell id="6nTvClo3rU2VO0IVS9WJ-105" style="edgeStyle=orthogonalEdgeStyle;rounded=0;orthogonalLoop=1;jettySize=auto;html=1;curved=0;exitX=1;exitY=1;exitDx=0;exitDy=-5;exitPerimeter=0;" edge="1" parent="1" source="6nTvClo3rU2VO0IVS9WJ-18">
          <mxGeometry relative="1" as="geometry">
            <mxPoint x="320" y="890" as="targetPoint" />
            <Array as="points">
              <mxPoint x="370" y="875" />
              <mxPoint x="370" y="890" />
            </Array>
          </mxGeometry>
        </mxCell>
        <mxCell id="6nTvClo3rU2VO0IVS9WJ-18" value="" style="html=1;points=[[0,0,0,0,5],[0,1,0,0,-5],[1,0,0,0,5],[1,1,0,0,-5]];perimeter=orthogonalPerimeter;outlineConnect=0;targetShapes=umlLifeline;portConstraint=eastwest;newEdgeStyle={&quot;curved&quot;:0,&quot;rounded&quot;:0};" vertex="1" parent="1">
          <mxGeometry x="310" y="160" width="10" height="730" as="geometry" />
        </mxCell>
        <mxCell id="6nTvClo3rU2VO0IVS9WJ-25" value="" style="endArrow=classic;html=1;rounded=0;" edge="1" parent="1" source="6nTvClo3rU2VO0IVS9WJ-18">
          <mxGeometry width="50" height="50" relative="1" as="geometry">
            <mxPoint x="420" y="490" as="sourcePoint" />
            <mxPoint x="540" y="200" as="targetPoint" />
          </mxGeometry>
        </mxCell>
        <mxCell id="6nTvClo3rU2VO0IVS9WJ-26" value="Запит на початок автентифікації" style="text;html=1;align=center;verticalAlign=middle;resizable=0;points=[];autosize=1;strokeColor=none;fillColor=none;" vertex="1" parent="1">
          <mxGeometry x="330" y="170" width="200" height="30" as="geometry" />
        </mxCell>
        <mxCell id="6nTvClo3rU2VO0IVS9WJ-30" style="edgeStyle=orthogonalEdgeStyle;rounded=0;orthogonalLoop=1;jettySize=auto;html=1;curved=0;exitX=0;exitY=1;exitDx=0;exitDy=-5;exitPerimeter=0;dashed=1;entryX=1;entryY=0.181;entryDx=0;entryDy=0;entryPerimeter=0;" edge="1" parent="1" source="6nTvClo3rU2VO0IVS9WJ-29" target="6nTvClo3rU2VO0IVS9WJ-18">
          <mxGeometry relative="1" as="geometry">
            <mxPoint x="330" y="275.57142857142867" as="targetPoint" />
            <Array as="points">
              <mxPoint x="320" y="275" />
            </Array>
          </mxGeometry>
        </mxCell>
        <mxCell id="6nTvClo3rU2VO0IVS9WJ-29" value="" style="html=1;points=[[0,0,0,0,5],[0,1,0,0,-5],[1,0,0,0,5],[1,1,0,0,-5]];perimeter=orthogonalPerimeter;outlineConnect=0;targetShapes=umlLifeline;portConstraint=eastwest;newEdgeStyle={&quot;curved&quot;:0,&quot;rounded&quot;:0};" vertex="1" parent="1">
          <mxGeometry x="535" y="200" width="10" height="80" as="geometry" />
        </mxCell>
        <mxCell id="6nTvClo3rU2VO0IVS9WJ-31" value="Сесія створена" style="text;html=1;align=center;verticalAlign=middle;resizable=0;points=[];autosize=1;strokeColor=none;fillColor=none;" vertex="1" parent="1">
          <mxGeometry x="370" y="250" width="110" height="30" as="geometry" />
        </mxCell>
        <mxCell id="6nTvClo3rU2VO0IVS9WJ-38" style="edgeStyle=orthogonalEdgeStyle;rounded=0;orthogonalLoop=1;jettySize=auto;html=1;curved=0;exitX=0;exitY=1;exitDx=0;exitDy=-5;exitPerimeter=0;dashed=1;" edge="1" parent="1" source="6nTvClo3rU2VO0IVS9WJ-34">
          <mxGeometry relative="1" as="geometry">
            <mxPoint x="550" y="265.57142857142867" as="targetPoint" />
          </mxGeometry>
        </mxCell>
        <mxCell id="6nTvClo3rU2VO0IVS9WJ-36" value="" style="endArrow=classic;html=1;rounded=0;entryX=0;entryY=0;entryDx=0;entryDy=5;entryPerimeter=0;" edge="1" parent="1" target="6nTvClo3rU2VO0IVS9WJ-34">
          <mxGeometry width="50" height="50" relative="1" as="geometry">
            <mxPoint x="550" y="225" as="sourcePoint" />
            <mxPoint x="850" y="300" as="targetPoint" />
          </mxGeometry>
        </mxCell>
        <mxCell id="6nTvClo3rU2VO0IVS9WJ-37" value="Перевірити користувача&amp;nbsp;" style="text;html=1;align=center;verticalAlign=middle;resizable=0;points=[];autosize=1;strokeColor=none;fillColor=none;" vertex="1" parent="1">
          <mxGeometry x="540" y="198" width="160" height="30" as="geometry" />
        </mxCell>
        <mxCell id="6nTvClo3rU2VO0IVS9WJ-39" value="Підтверджено,&amp;nbsp;&lt;div&gt;видати доступ&lt;/div&gt;" style="text;html=1;align=center;verticalAlign=middle;resizable=0;points=[];autosize=1;strokeColor=none;fillColor=none;" vertex="1" parent="1">
          <mxGeometry x="570" y="230" width="110" height="40" as="geometry" />
        </mxCell>
        <mxCell id="6nTvClo3rU2VO0IVS9WJ-44" style="edgeStyle=orthogonalEdgeStyle;rounded=0;orthogonalLoop=1;jettySize=auto;html=1;curved=0;exitX=0;exitY=1;exitDx=0;exitDy=-5;exitPerimeter=0;entryX=0.02;entryY=1.09;entryDx=0;entryDy=0;entryPerimeter=0;dashed=1;" edge="1" parent="1" source="6nTvClo3rU2VO0IVS9WJ-40" target="6nTvClo3rU2VO0IVS9WJ-45">
          <mxGeometry relative="1" as="geometry">
            <mxPoint x="330" y="435.57142857142867" as="targetPoint" />
            <Array as="points">
              <mxPoint x="320" y="435" />
            </Array>
          </mxGeometry>
        </mxCell>
        <mxCell id="6nTvClo3rU2VO0IVS9WJ-40" value="" style="html=1;points=[[0,0,0,0,5],[0,1,0,0,-5],[1,0,0,0,5],[1,1,0,0,-5]];perimeter=orthogonalPerimeter;outlineConnect=0;targetShapes=umlLifeline;portConstraint=eastwest;newEdgeStyle={&quot;curved&quot;:0,&quot;rounded&quot;:0};" vertex="1" parent="1">
          <mxGeometry x="535" y="360" width="10" height="80" as="geometry" />
        </mxCell>
        <mxCell id="6nTvClo3rU2VO0IVS9WJ-42" value="" style="endArrow=classic;html=1;rounded=0;exitX=1;exitY=0.313;exitDx=0;exitDy=0;exitPerimeter=0;" edge="1" parent="1" source="6nTvClo3rU2VO0IVS9WJ-18" target="6nTvClo3rU2VO0IVS9WJ-40">
          <mxGeometry width="50" height="50" relative="1" as="geometry">
            <mxPoint x="500" y="490" as="sourcePoint" />
            <mxPoint x="550" y="440" as="targetPoint" />
          </mxGeometry>
        </mxCell>
        <mxCell id="6nTvClo3rU2VO0IVS9WJ-43" value="Отримати перелік рецептів" style="text;html=1;align=center;verticalAlign=middle;resizable=0;points=[];autosize=1;strokeColor=none;fillColor=none;" vertex="1" parent="1">
          <mxGeometry x="320" y="340" width="170" height="30" as="geometry" />
        </mxCell>
        <mxCell id="6nTvClo3rU2VO0IVS9WJ-45" value="Повернути список для відображення" style="text;html=1;align=center;verticalAlign=middle;resizable=0;points=[];autosize=1;strokeColor=none;fillColor=none;" vertex="1" parent="1">
          <mxGeometry x="315" y="410" width="230" height="30" as="geometry" />
        </mxCell>
        <mxCell id="6nTvClo3rU2VO0IVS9WJ-52" style="edgeStyle=orthogonalEdgeStyle;rounded=0;orthogonalLoop=1;jettySize=auto;html=1;curved=0;exitX=0;exitY=1;exitDx=0;exitDy=-5;exitPerimeter=0;dashed=1;" edge="1" parent="1" source="6nTvClo3rU2VO0IVS9WJ-46">
          <mxGeometry relative="1" as="geometry">
            <mxPoint x="550" y="415.57142857142867" as="targetPoint" />
          </mxGeometry>
        </mxCell>
        <mxCell id="6nTvClo3rU2VO0IVS9WJ-46" value="" style="html=1;points=[[0,0,0,0,5],[0,1,0,0,-5],[1,0,0,0,5],[1,1,0,0,-5]];perimeter=orthogonalPerimeter;outlineConnect=0;targetShapes=umlLifeline;portConstraint=eastwest;newEdgeStyle={&quot;curved&quot;:0,&quot;rounded&quot;:0};" vertex="1" parent="1">
          <mxGeometry x="705" y="370" width="10" height="50" as="geometry" />
        </mxCell>
        <mxCell id="6nTvClo3rU2VO0IVS9WJ-48" value="" style="endArrow=classic;html=1;rounded=0;entryX=0;entryY=0;entryDx=0;entryDy=5;entryPerimeter=0;" edge="1" parent="1" target="6nTvClo3rU2VO0IVS9WJ-46">
          <mxGeometry width="50" height="50" relative="1" as="geometry">
            <mxPoint x="550" y="375" as="sourcePoint" />
            <mxPoint x="730" y="440" as="targetPoint" />
          </mxGeometry>
        </mxCell>
        <mxCell id="6nTvClo3rU2VO0IVS9WJ-50" value="Прочитати рецепти з&amp;nbsp;&lt;div&gt;параметрами&lt;/div&gt;" style="text;html=1;align=center;verticalAlign=middle;resizable=0;points=[];autosize=1;strokeColor=none;fillColor=none;" vertex="1" parent="1">
          <mxGeometry x="555" y="340" width="140" height="40" as="geometry" />
        </mxCell>
        <mxCell id="6nTvClo3rU2VO0IVS9WJ-51" value="Список рецептів і оцінки" style="text;html=1;align=center;verticalAlign=middle;resizable=0;points=[];autosize=1;strokeColor=none;fillColor=none;" vertex="1" parent="1">
          <mxGeometry x="545" y="390" width="160" height="30" as="geometry" />
        </mxCell>
        <mxCell id="6nTvClo3rU2VO0IVS9WJ-54" value="" style="endArrow=classic;html=1;rounded=0;" edge="1" parent="1" target="6nTvClo3rU2VO0IVS9WJ-18">
          <mxGeometry width="50" height="50" relative="1" as="geometry">
            <mxPoint x="110" y="480" as="sourcePoint" />
            <mxPoint x="320" y="440" as="targetPoint" />
          </mxGeometry>
        </mxCell>
        <mxCell id="6nTvClo3rU2VO0IVS9WJ-55" value="Відкрити вибраний рецепт" style="text;html=1;align=center;verticalAlign=middle;resizable=0;points=[];autosize=1;strokeColor=none;fillColor=none;" vertex="1" parent="1">
          <mxGeometry x="120" y="448" width="170" height="30" as="geometry" />
        </mxCell>
        <mxCell id="6nTvClo3rU2VO0IVS9WJ-56" value="" style="endArrow=classic;html=1;rounded=0;entryX=0;entryY=0;entryDx=0;entryDy=5;entryPerimeter=0;" edge="1" parent="1" target="6nTvClo3rU2VO0IVS9WJ-57">
          <mxGeometry width="50" height="50" relative="1" as="geometry">
            <mxPoint x="320" y="505" as="sourcePoint" />
            <mxPoint x="530" y="500" as="targetPoint" />
          </mxGeometry>
        </mxCell>
        <mxCell id="6nTvClo3rU2VO0IVS9WJ-59" style="edgeStyle=orthogonalEdgeStyle;rounded=0;orthogonalLoop=1;jettySize=auto;html=1;curved=0;exitX=0;exitY=1;exitDx=0;exitDy=-5;exitPerimeter=0;entryX=1;entryY=0.618;entryDx=0;entryDy=0;entryPerimeter=0;dashed=1;" edge="1" parent="1" source="6nTvClo3rU2VO0IVS9WJ-57" target="6nTvClo3rU2VO0IVS9WJ-18">
          <mxGeometry relative="1" as="geometry">
            <mxPoint x="330" y="555.5714285714287" as="targetPoint" />
            <Array as="points">
              <mxPoint x="320" y="555" />
            </Array>
          </mxGeometry>
        </mxCell>
        <mxCell id="6nTvClo3rU2VO0IVS9WJ-57" value="" style="html=1;points=[[0,0,0,0,5],[0,1,0,0,-5],[1,0,0,0,5],[1,1,0,0,-5]];perimeter=orthogonalPerimeter;outlineConnect=0;targetShapes=umlLifeline;portConstraint=eastwest;newEdgeStyle={&quot;curved&quot;:0,&quot;rounded&quot;:0};" vertex="1" parent="1">
          <mxGeometry x="535" y="500" width="10" height="60" as="geometry" />
        </mxCell>
        <mxCell id="6nTvClo3rU2VO0IVS9WJ-60" value="Отримати деталі рецепта" style="text;html=1;align=center;verticalAlign=middle;resizable=0;points=[];autosize=1;strokeColor=none;fillColor=none;" vertex="1" parent="1">
          <mxGeometry x="330" y="478" width="170" height="30" as="geometry" />
        </mxCell>
        <mxCell id="6nTvClo3rU2VO0IVS9WJ-61" value="Повернути дані для відображення" style="text;html=1;align=center;verticalAlign=middle;resizable=0;points=[];autosize=1;strokeColor=none;fillColor=none;" vertex="1" parent="1">
          <mxGeometry x="325" y="530" width="210" height="30" as="geometry" />
        </mxCell>
        <mxCell id="6nTvClo3rU2VO0IVS9WJ-66" style="edgeStyle=orthogonalEdgeStyle;rounded=0;orthogonalLoop=1;jettySize=auto;html=1;curved=0;exitX=0;exitY=1;exitDx=0;exitDy=-5;exitPerimeter=0;dashed=1;" edge="1" parent="1" source="6nTvClo3rU2VO0IVS9WJ-62">
          <mxGeometry relative="1" as="geometry">
            <mxPoint x="550" y="545.5714285714287" as="targetPoint" />
          </mxGeometry>
        </mxCell>
        <mxCell id="6nTvClo3rU2VO0IVS9WJ-62" value="" style="html=1;points=[[0,0,0,0,5],[0,1,0,0,-5],[1,0,0,0,5],[1,1,0,0,-5]];perimeter=orthogonalPerimeter;outlineConnect=0;targetShapes=umlLifeline;portConstraint=eastwest;newEdgeStyle={&quot;curved&quot;:0,&quot;rounded&quot;:0};" vertex="1" parent="1">
          <mxGeometry x="705" y="508" width="10" height="42" as="geometry" />
        </mxCell>
        <mxCell id="6nTvClo3rU2VO0IVS9WJ-64" value="" style="endArrow=classic;html=1;rounded=0;entryX=0;entryY=0;entryDx=0;entryDy=5;entryPerimeter=0;" edge="1" parent="1" target="6nTvClo3rU2VO0IVS9WJ-62">
          <mxGeometry width="50" height="50" relative="1" as="geometry">
            <mxPoint x="550" y="513" as="sourcePoint" />
            <mxPoint x="590" y="440" as="targetPoint" />
          </mxGeometry>
        </mxCell>
        <mxCell id="6nTvClo3rU2VO0IVS9WJ-65" value="Прочитати рецепт,&amp;nbsp;&lt;div&gt;&lt;div&gt;коментарі&lt;/div&gt;&lt;/div&gt;" style="text;html=1;align=center;verticalAlign=middle;resizable=0;points=[];autosize=1;strokeColor=none;fillColor=none;" vertex="1" parent="1">
          <mxGeometry x="565" y="478" width="130" height="40" as="geometry" />
        </mxCell>
        <mxCell id="6nTvClo3rU2VO0IVS9WJ-67" value="Дані рецепта&amp;nbsp;&lt;div&gt;(рейтинг, коментарі)&lt;/div&gt;" style="text;html=1;align=center;verticalAlign=middle;resizable=0;points=[];autosize=1;strokeColor=none;fillColor=none;" vertex="1" parent="1">
          <mxGeometry x="560" y="510" width="130" height="40" as="geometry" />
        </mxCell>
        <mxCell id="6nTvClo3rU2VO0IVS9WJ-68" value="" style="endArrow=classic;html=1;rounded=0;" edge="1" parent="1" target="6nTvClo3rU2VO0IVS9WJ-18">
          <mxGeometry width="50" height="50" relative="1" as="geometry">
            <mxPoint x="110" y="600" as="sourcePoint" />
            <mxPoint x="330" y="580" as="targetPoint" />
          </mxGeometry>
        </mxCell>
        <mxCell id="6nTvClo3rU2VO0IVS9WJ-69" value="Виставити оцінку і (за бажанням)&amp;nbsp;&lt;div&gt;додати коментар&lt;/div&gt;" style="text;html=1;align=center;verticalAlign=middle;resizable=0;points=[];autosize=1;strokeColor=none;fillColor=none;" vertex="1" parent="1">
          <mxGeometry x="100" y="560" width="210" height="40" as="geometry" />
        </mxCell>
        <mxCell id="6nTvClo3rU2VO0IVS9WJ-100" style="edgeStyle=orthogonalEdgeStyle;rounded=0;orthogonalLoop=1;jettySize=auto;html=1;curved=0;exitX=0;exitY=1;exitDx=0;exitDy=-5;exitPerimeter=0;dashed=1;" edge="1" parent="1" source="6nTvClo3rU2VO0IVS9WJ-70">
          <mxGeometry relative="1" as="geometry">
            <mxPoint x="320" y="845.5714285714287" as="targetPoint" />
          </mxGeometry>
        </mxCell>
        <mxCell id="6nTvClo3rU2VO0IVS9WJ-70" value="" style="html=1;points=[[0,0,0,0,5],[0,1,0,0,-5],[1,0,0,0,5],[1,1,0,0,-5]];perimeter=orthogonalPerimeter;outlineConnect=0;targetShapes=umlLifeline;portConstraint=eastwest;newEdgeStyle={&quot;curved&quot;:0,&quot;rounded&quot;:0};" vertex="1" parent="1">
          <mxGeometry x="535" y="610" width="10" height="240" as="geometry" />
        </mxCell>
        <mxCell id="6nTvClo3rU2VO0IVS9WJ-72" value="" style="endArrow=classic;html=1;rounded=0;entryX=0;entryY=0;entryDx=0;entryDy=5;entryPerimeter=0;" edge="1" parent="1" source="6nTvClo3rU2VO0IVS9WJ-18" target="6nTvClo3rU2VO0IVS9WJ-70">
          <mxGeometry width="50" height="50" relative="1" as="geometry">
            <mxPoint x="500" y="630" as="sourcePoint" />
            <mxPoint x="550" y="580" as="targetPoint" />
          </mxGeometry>
        </mxCell>
        <mxCell id="6nTvClo3rU2VO0IVS9WJ-73" value="Зберегти оцінку та коментар" style="text;html=1;align=center;verticalAlign=middle;resizable=0;points=[];autosize=1;strokeColor=none;fillColor=none;" vertex="1" parent="1">
          <mxGeometry x="320" y="588" width="180" height="30" as="geometry" />
        </mxCell>
        <mxCell id="6nTvClo3rU2VO0IVS9WJ-78" style="edgeStyle=orthogonalEdgeStyle;rounded=0;orthogonalLoop=1;jettySize=auto;html=1;curved=0;exitX=0;exitY=1;exitDx=0;exitDy=-5;exitPerimeter=0;dashed=1;" edge="1" parent="1" source="6nTvClo3rU2VO0IVS9WJ-74">
          <mxGeometry relative="1" as="geometry">
            <mxPoint x="550" y="667" as="targetPoint" />
          </mxGeometry>
        </mxCell>
        <mxCell id="6nTvClo3rU2VO0IVS9WJ-74" value="" style="html=1;points=[[0,0,0,0,5],[0,1,0,0,-5],[1,0,0,0,5],[1,1,0,0,-5]];perimeter=orthogonalPerimeter;outlineConnect=0;targetShapes=umlLifeline;portConstraint=eastwest;newEdgeStyle={&quot;curved&quot;:0,&quot;rounded&quot;:0};" vertex="1" parent="1">
          <mxGeometry x="705" y="630" width="10" height="42" as="geometry" />
        </mxCell>
        <mxCell id="6nTvClo3rU2VO0IVS9WJ-76" value="" style="endArrow=classic;html=1;rounded=0;entryX=0;entryY=0;entryDx=0;entryDy=5;entryPerimeter=0;" edge="1" parent="1" target="6nTvClo3rU2VO0IVS9WJ-74">
          <mxGeometry width="50" height="50" relative="1" as="geometry">
            <mxPoint x="550" y="635" as="sourcePoint" />
            <mxPoint x="680" y="580" as="targetPoint" />
          </mxGeometry>
        </mxCell>
        <mxCell id="6nTvClo3rU2VO0IVS9WJ-77" value="Записати оцінку та коментар&amp;nbsp;" style="text;html=1;align=center;verticalAlign=middle;resizable=0;points=[];autosize=1;strokeColor=none;fillColor=none;" vertex="1" parent="1">
          <mxGeometry x="540" y="610" width="190" height="30" as="geometry" />
        </mxCell>
        <mxCell id="6nTvClo3rU2VO0IVS9WJ-79" value="Запис виконано" style="text;html=1;align=center;verticalAlign=middle;resizable=0;points=[];autosize=1;strokeColor=none;fillColor=none;" vertex="1" parent="1">
          <mxGeometry x="570" y="640" width="110" height="30" as="geometry" />
        </mxCell>
        <mxCell id="6nTvClo3rU2VO0IVS9WJ-92" style="edgeStyle=orthogonalEdgeStyle;rounded=0;orthogonalLoop=1;jettySize=auto;html=1;curved=0;exitX=0;exitY=1;exitDx=0;exitDy=-5;exitPerimeter=0;dashed=1;" edge="1" parent="1" source="6nTvClo3rU2VO0IVS9WJ-80">
          <mxGeometry relative="1" as="geometry">
            <mxPoint x="550" y="765.5714285714287" as="targetPoint" />
          </mxGeometry>
        </mxCell>
        <mxCell id="6nTvClo3rU2VO0IVS9WJ-80" value="" style="html=1;points=[[0,0,0,0,5],[0,1,0,0,-5],[1,0,0,0,5],[1,1,0,0,-5]];perimeter=orthogonalPerimeter;outlineConnect=0;targetShapes=umlLifeline;portConstraint=eastwest;newEdgeStyle={&quot;curved&quot;:0,&quot;rounded&quot;:0};" vertex="1" parent="1">
          <mxGeometry x="905" y="690" width="10" height="80" as="geometry" />
        </mxCell>
        <mxCell id="6nTvClo3rU2VO0IVS9WJ-82" value="" style="endArrow=classic;html=1;rounded=0;entryX=0;entryY=0;entryDx=0;entryDy=5;entryPerimeter=0;" edge="1" parent="1" target="6nTvClo3rU2VO0IVS9WJ-80">
          <mxGeometry width="50" height="50" relative="1" as="geometry">
            <mxPoint x="550" y="695" as="sourcePoint" />
            <mxPoint x="820" y="580" as="targetPoint" />
          </mxGeometry>
        </mxCell>
        <mxCell id="6nTvClo3rU2VO0IVS9WJ-83" value="Перерахувати середній рейтинг рецепта" style="text;html=1;align=center;verticalAlign=middle;resizable=0;points=[];autosize=1;strokeColor=none;fillColor=none;" vertex="1" parent="1">
          <mxGeometry x="540" y="670" width="250" height="30" as="geometry" />
        </mxCell>
        <mxCell id="6nTvClo3rU2VO0IVS9WJ-90" style="edgeStyle=orthogonalEdgeStyle;rounded=0;orthogonalLoop=1;jettySize=auto;html=1;curved=0;exitX=1;exitY=1;exitDx=0;exitDy=-5;exitPerimeter=0;dashed=1;" edge="1" parent="1" source="6nTvClo3rU2VO0IVS9WJ-85">
          <mxGeometry relative="1" as="geometry">
            <mxPoint x="900" y="745.5714285714287" as="targetPoint" />
          </mxGeometry>
        </mxCell>
        <mxCell id="6nTvClo3rU2VO0IVS9WJ-85" value="" style="html=1;points=[[0,0,0,0,5],[0,1,0,0,-5],[1,0,0,0,5],[1,1,0,0,-5]];perimeter=orthogonalPerimeter;outlineConnect=0;targetShapes=umlLifeline;portConstraint=eastwest;newEdgeStyle={&quot;curved&quot;:0,&quot;rounded&quot;:0};" vertex="1" parent="1">
          <mxGeometry x="705" y="709" width="10" height="42" as="geometry" />
        </mxCell>
        <mxCell id="6nTvClo3rU2VO0IVS9WJ-87" value="" style="endArrow=classic;html=1;rounded=0;entryX=1;entryY=0;entryDx=0;entryDy=5;entryPerimeter=0;" edge="1" parent="1">
          <mxGeometry width="50" height="50" relative="1" as="geometry">
            <mxPoint x="905" y="713" as="sourcePoint" />
            <mxPoint x="715" y="713" as="targetPoint" />
          </mxGeometry>
        </mxCell>
        <mxCell id="6nTvClo3rU2VO0IVS9WJ-88" value="Отримати всі оцінки рецепта" style="text;html=1;align=center;verticalAlign=middle;resizable=0;points=[];autosize=1;strokeColor=none;fillColor=none;" vertex="1" parent="1">
          <mxGeometry x="730" y="690" width="180" height="30" as="geometry" />
        </mxCell>
        <mxCell id="6nTvClo3rU2VO0IVS9WJ-91" value="Перелік оцінок" style="text;html=1;align=center;verticalAlign=middle;resizable=0;points=[];autosize=1;strokeColor=none;fillColor=none;" vertex="1" parent="1">
          <mxGeometry x="760" y="721" width="100" height="30" as="geometry" />
        </mxCell>
        <mxCell id="6nTvClo3rU2VO0IVS9WJ-93" value="Новий середній рейтинг" style="text;html=1;align=center;verticalAlign=middle;resizable=0;points=[];autosize=1;strokeColor=none;fillColor=none;" vertex="1" parent="1">
          <mxGeometry x="550" y="740" width="160" height="30" as="geometry" />
        </mxCell>
        <mxCell id="6nTvClo3rU2VO0IVS9WJ-98" style="edgeStyle=orthogonalEdgeStyle;rounded=0;orthogonalLoop=1;jettySize=auto;html=1;curved=0;exitX=0;exitY=1;exitDx=0;exitDy=-5;exitPerimeter=0;dashed=1;" edge="1" parent="1" source="6nTvClo3rU2VO0IVS9WJ-94">
          <mxGeometry relative="1" as="geometry">
            <mxPoint x="550" y="835.5714285714287" as="targetPoint" />
          </mxGeometry>
        </mxCell>
        <mxCell id="6nTvClo3rU2VO0IVS9WJ-94" value="" style="html=1;points=[[0,0,0,0,5],[0,1,0,0,-5],[1,0,0,0,5],[1,1,0,0,-5]];perimeter=orthogonalPerimeter;outlineConnect=0;targetShapes=umlLifeline;portConstraint=eastwest;newEdgeStyle={&quot;curved&quot;:0,&quot;rounded&quot;:0};" vertex="1" parent="1">
          <mxGeometry x="705" y="798" width="10" height="42" as="geometry" />
        </mxCell>
        <mxCell id="6nTvClo3rU2VO0IVS9WJ-96" value="" style="endArrow=classic;html=1;rounded=0;entryX=0;entryY=0;entryDx=0;entryDy=5;entryPerimeter=0;" edge="1" parent="1" target="6nTvClo3rU2VO0IVS9WJ-94">
          <mxGeometry width="50" height="50" relative="1" as="geometry">
            <mxPoint x="550" y="803" as="sourcePoint" />
            <mxPoint x="710" y="580" as="targetPoint" />
          </mxGeometry>
        </mxCell>
        <mxCell id="6nTvClo3rU2VO0IVS9WJ-97" value="Оновити рецепт новим&amp;nbsp;&lt;div&gt;середнім рейтингом&lt;/div&gt;" style="text;html=1;align=center;verticalAlign=middle;resizable=0;points=[];autosize=1;strokeColor=none;fillColor=none;" vertex="1" parent="1">
          <mxGeometry x="545" y="770" width="150" height="40" as="geometry" />
        </mxCell>
        <mxCell id="6nTvClo3rU2VO0IVS9WJ-99" value="Оновлення виконано" style="text;html=1;align=center;verticalAlign=middle;resizable=0;points=[];autosize=1;strokeColor=none;fillColor=none;" vertex="1" parent="1">
          <mxGeometry x="555" y="810" width="140" height="30" as="geometry" />
        </mxCell>
        <mxCell id="6nTvClo3rU2VO0IVS9WJ-101" value="Повернути оновлені дані" style="text;html=1;align=center;verticalAlign=middle;resizable=0;points=[];autosize=1;strokeColor=none;fillColor=none;" vertex="1" parent="1">
          <mxGeometry x="340" y="820" width="160" height="30" as="geometry" />
        </mxCell>
        <mxCell id="6nTvClo3rU2VO0IVS9WJ-106" value="Показати оновлені дані" style="text;html=1;align=center;verticalAlign=middle;resizable=0;points=[];autosize=1;strokeColor=none;fillColor=none;" vertex="1" parent="1">
          <mxGeometry x="310" y="850" width="150" height="30" as="geometry" />
        </mxCell>
        <mxCell id="6nTvClo3rU2VO0IVS9WJ-107" value="" style="endArrow=none;dashed=1;html=1;rounded=0;entryX=0.5;entryY=0.5;entryDx=0;entryDy=0;entryPerimeter=0;" edge="1" parent="1" target="6nTvClo3rU2VO0IVS9WJ-1">
          <mxGeometry width="50" height="50" relative="1" as="geometry">
            <mxPoint x="105" y="924.5454545454545" as="sourcePoint" />
            <mxPoint x="420" y="370" as="targetPoint" />
          </mxGeometry>
        </mxCell>
        <mxCell id="6nTvClo3rU2VO0IVS9WJ-113" value="" style="endArrow=none;dashed=1;html=1;rounded=0;entryX=0.495;entryY=1.011;entryDx=0;entryDy=0;entryPerimeter=0;" edge="1" parent="1" target="6nTvClo3rU2VO0IVS9WJ-34">
          <mxGeometry width="50" height="50" relative="1" as="geometry">
            <mxPoint x="1100" y="910" as="sourcePoint" />
            <mxPoint x="1100" y="131" as="targetPoint" />
          </mxGeometry>
        </mxCell>
        <mxCell id="6nTvClo3rU2VO0IVS9WJ-34" value="" style="html=1;points=[[0,0,0,0,5],[0,1,0,0,-5],[1,0,0,0,5],[1,1,0,0,-5]];perimeter=orthogonalPerimeter;outlineConnect=0;targetShapes=umlLifeline;portConstraint=eastwest;newEdgeStyle={&quot;curved&quot;:0,&quot;rounded&quot;:0};" vertex="1" parent="1">
          <mxGeometry x="1095" y="220" width="10" height="50" as="geometry" />
        </mxCell>
      </root>
    </mxGraphModel>
  </diagram>
</mxfile>
