<?xml version="1.0" encoding="UTF-8"?>
<mxfile host="app.diagrams.net" agent="Mozilla/5.0 (Windows NT 10.0; Win64; x64) AppleWebKit/537.36 (KHTML, like Gecko) Chrome/138.0.0.0 Safari/537.36 OPR/122.0.0.0" version="28.2.5">
  <diagram name="Сторінка-1" id="AntH_UJURIAr6M6pjwO3">
    <mxGraphModel dx="2132" dy="956" grid="1" gridSize="10" guides="1" tooltips="1" connect="1" arrows="1" fold="1" page="1" pageScale="1" pageWidth="827" pageHeight="1169" math="0" shadow="0">
      <root>
        <mxCell id="0" />
        <mxCell id="1" parent="0" />
        <mxCell id="HSoUWeX7jAd-bS_L7V0z-2" value="Сайт магазину" style="shape=umlBoundary;whiteSpace=wrap;html=1;" parent="1" vertex="1">
          <mxGeometry x="230" y="40" width="70" height="60" as="geometry" />
        </mxCell>
        <mxCell id="HSoUWeX7jAd-bS_L7V0z-3" value="Кур&#39;єр" style="shape=umlActor;verticalLabelPosition=bottom;verticalAlign=top;html=1;outlineConnect=0;" parent="1" vertex="1">
          <mxGeometry x="460" y="30" width="30" height="60" as="geometry" />
        </mxCell>
        <mxCell id="HSoUWeX7jAd-bS_L7V0z-4" value="Одержувач" style="shape=umlActor;verticalLabelPosition=bottom;verticalAlign=top;html=1;outlineConnect=0;" parent="1" vertex="1">
          <mxGeometry x="690" y="30" width="30" height="60" as="geometry" />
        </mxCell>
        <mxCell id="HSoUWeX7jAd-bS_L7V0z-12" value="Оформити замовлення" style="html=1;verticalAlign=bottom;endArrow=block;curved=0;rounded=0;entryX=0;entryY=0;entryDx=0;entryDy=5;" parent="1" target="HSoUWeX7jAd-bS_L7V0z-11" edge="1">
          <mxGeometry relative="1" as="geometry">
            <mxPoint x="90" y="165" as="sourcePoint" />
          </mxGeometry>
        </mxCell>
        <mxCell id="HSoUWeX7jAd-bS_L7V0z-18" style="edgeStyle=orthogonalEdgeStyle;rounded=0;orthogonalLoop=1;jettySize=auto;html=1;curved=0;exitX=1;exitY=0;exitDx=0;exitDy=5;exitPerimeter=0;entryX=0;entryY=0;entryDx=0;entryDy=5;entryPerimeter=0;" parent="1" target="HSoUWeX7jAd-bS_L7V0z-24" edge="1">
          <mxGeometry relative="1" as="geometry">
            <mxPoint x="480" y="200.57142857142867" as="targetPoint" />
            <mxPoint x="275" y="199.9999999999999" as="sourcePoint" />
          </mxGeometry>
        </mxCell>
        <mxCell id="HSoUWeX7jAd-bS_L7V0z-16" value="" style="endArrow=none;dashed=1;html=1;rounded=0;entryX=0.527;entryY=0.95;entryDx=0;entryDy=0;entryPerimeter=0;" parent="1" target="HSoUWeX7jAd-bS_L7V0z-2" edge="1">
          <mxGeometry width="50" height="50" relative="1" as="geometry">
            <mxPoint x="266.89" y="430" as="sourcePoint" />
            <mxPoint x="320" y="300" as="targetPoint" />
          </mxGeometry>
        </mxCell>
        <mxCell id="HSoUWeX7jAd-bS_L7V0z-19" value="" style="endArrow=classic;html=1;rounded=0;entryX=1;entryY=1;entryDx=0;entryDy=-5;entryPerimeter=0;dashed=1;exitX=0.5;exitY=1;exitDx=0;exitDy=0;exitPerimeter=0;" parent="1" source="HSoUWeX7jAd-bS_L7V0z-24" edge="1">
          <mxGeometry width="50" height="50" relative="1" as="geometry">
            <mxPoint x="470" y="280" as="sourcePoint" />
            <mxPoint x="275" y="279.9999999999999" as="targetPoint" />
          </mxGeometry>
        </mxCell>
        <mxCell id="HSoUWeX7jAd-bS_L7V0z-20" value="Призначити кур&#39;єра" style="text;html=1;align=center;verticalAlign=middle;resizable=0;points=[];autosize=1;strokeColor=none;fillColor=none;fontSize=11;" parent="1" vertex="1">
          <mxGeometry x="305" y="180" width="120" height="30" as="geometry" />
        </mxCell>
        <mxCell id="HSoUWeX7jAd-bS_L7V0z-21" value="Підтвердження призначення" style="text;html=1;align=center;verticalAlign=middle;resizable=0;points=[];autosize=1;strokeColor=none;fillColor=none;fontSize=11;" parent="1" vertex="1">
          <mxGeometry x="295" y="260" width="170" height="30" as="geometry" />
        </mxCell>
        <mxCell id="HSoUWeX7jAd-bS_L7V0z-24" value="" style="html=1;points=[[0,0,0,0,5],[0,1,0,0,-5],[1,0,0,0,5],[1,1,0,0,-5]];perimeter=orthogonalPerimeter;outlineConnect=0;targetShapes=umlLifeline;portConstraint=eastwest;newEdgeStyle={&quot;curved&quot;:0,&quot;rounded&quot;:0};" parent="1" vertex="1">
          <mxGeometry x="470" y="195" width="10" height="85" as="geometry" />
        </mxCell>
        <mxCell id="HSoUWeX7jAd-bS_L7V0z-11" value="" style="html=1;points=[[0,0,0,0,5],[0,1,0,0,-5],[1,0,0,0,5],[1,1,0,0,-5]];perimeter=orthogonalPerimeter;outlineConnect=0;targetShapes=umlLifeline;portConstraint=eastwest;newEdgeStyle={&quot;curved&quot;:0,&quot;rounded&quot;:0};" parent="1" vertex="1">
          <mxGeometry x="255" y="160" width="20" height="160" as="geometry" />
        </mxCell>
        <mxCell id="HSoUWeX7jAd-bS_L7V0z-1" value="Відправник" style="shape=umlActor;verticalLabelPosition=bottom;verticalAlign=top;html=1;outlineConnect=0;" parent="1" vertex="1">
          <mxGeometry x="70" y="30" width="30" height="60" as="geometry" />
        </mxCell>
        <mxCell id="HSoUWeX7jAd-bS_L7V0z-27" value="" style="endArrow=classic;html=1;rounded=0;" parent="1" edge="1">
          <mxGeometry width="50" height="50" relative="1" as="geometry">
            <mxPoint x="470" y="400" as="sourcePoint" />
            <mxPoint x="90" y="400" as="targetPoint" />
          </mxGeometry>
        </mxCell>
        <mxCell id="HSoUWeX7jAd-bS_L7V0z-28" value="Прибуття для забору" style="text;html=1;align=center;verticalAlign=middle;whiteSpace=wrap;rounded=0;fontSize=11;" parent="1" vertex="1">
          <mxGeometry x="110" y="370" width="130" height="30" as="geometry" />
        </mxCell>
        <mxCell id="HSoUWeX7jAd-bS_L7V0z-29" value="" style="endArrow=classic;html=1;rounded=0;dashed=1;" parent="1" source="HSoUWeX7jAd-bS_L7V0z-11" edge="1">
          <mxGeometry width="50" height="50" relative="1" as="geometry">
            <mxPoint x="230" y="320.0000000000001" as="sourcePoint" />
            <mxPoint x="90" y="320" as="targetPoint" />
          </mxGeometry>
        </mxCell>
        <mxCell id="HSoUWeX7jAd-bS_L7V0z-30" value="Підтвердженння замовлення" style="text;html=1;align=center;verticalAlign=middle;resizable=0;points=[];autosize=1;strokeColor=none;fillColor=none;fontSize=11;" parent="1" vertex="1">
          <mxGeometry x="90" y="290" width="170" height="30" as="geometry" />
        </mxCell>
        <mxCell id="HSoUWeX7jAd-bS_L7V0z-31" value="" style="endArrow=none;dashed=1;html=1;rounded=0;entryX=0.527;entryY=0.95;entryDx=0;entryDy=0;entryPerimeter=0;" parent="1" source="HSoUWeX7jAd-bS_L7V0z-33" edge="1">
          <mxGeometry width="50" height="50" relative="1" as="geometry">
            <mxPoint x="267" y="746.5714285714286" as="sourcePoint" />
            <mxPoint x="266.27" y="506" as="targetPoint" />
          </mxGeometry>
        </mxCell>
        <mxCell id="HSoUWeX7jAd-bS_L7V0z-34" value="" style="endArrow=none;dashed=1;html=1;rounded=0;entryX=0.527;entryY=0.95;entryDx=0;entryDy=0;entryPerimeter=0;exitX=0.571;exitY=-0.004;exitDx=0;exitDy=0;exitPerimeter=0;" parent="1" source="HSoUWeX7jAd-bS_L7V0z-72" target="HSoUWeX7jAd-bS_L7V0z-33" edge="1">
          <mxGeometry width="50" height="50" relative="1" as="geometry">
            <mxPoint x="266" y="1040" as="sourcePoint" />
            <mxPoint x="266.27" y="506" as="targetPoint" />
          </mxGeometry>
        </mxCell>
        <mxCell id="HSoUWeX7jAd-bS_L7V0z-42" style="edgeStyle=orthogonalEdgeStyle;rounded=0;orthogonalLoop=1;jettySize=auto;html=1;curved=0;exitX=1;exitY=1;exitDx=0;exitDy=-5;exitPerimeter=0;" parent="1" source="HSoUWeX7jAd-bS_L7V0z-33" edge="1">
          <mxGeometry relative="1" as="geometry">
            <mxPoint x="470" y="560" as="targetPoint" />
          </mxGeometry>
        </mxCell>
        <mxCell id="HSoUWeX7jAd-bS_L7V0z-33" value="" style="html=1;points=[[0,0,0,0,5],[0,1,0,0,-5],[1,0,0,0,5],[1,1,0,0,-5]];perimeter=orthogonalPerimeter;outlineConnect=0;targetShapes=umlLifeline;portConstraint=eastwest;newEdgeStyle={&quot;curved&quot;:0,&quot;rounded&quot;:0};" parent="1" vertex="1">
          <mxGeometry x="255" y="430" width="20" height="135" as="geometry" />
        </mxCell>
        <mxCell id="HSoUWeX7jAd-bS_L7V0z-35" value="" style="endArrow=classic;html=1;rounded=0;dashed=1;" parent="1" edge="1">
          <mxGeometry width="50" height="50" relative="1" as="geometry">
            <mxPoint x="255" y="450" as="sourcePoint" />
            <mxPoint x="90" y="450" as="targetPoint" />
          </mxGeometry>
        </mxCell>
        <mxCell id="HSoUWeX7jAd-bS_L7V0z-36" value="" style="endArrow=classic;html=1;rounded=0;" parent="1" edge="1">
          <mxGeometry width="50" height="50" relative="1" as="geometry">
            <mxPoint x="255" y="490" as="sourcePoint" />
            <mxPoint x="90" y="490" as="targetPoint" />
          </mxGeometry>
        </mxCell>
        <mxCell id="HSoUWeX7jAd-bS_L7V0z-37" value="" style="endArrow=classic;html=1;rounded=0;dashed=1;" parent="1" edge="1">
          <mxGeometry width="50" height="50" relative="1" as="geometry">
            <mxPoint x="90" y="540" as="sourcePoint" />
            <mxPoint x="250" y="540" as="targetPoint" />
          </mxGeometry>
        </mxCell>
        <mxCell id="HSoUWeX7jAd-bS_L7V0z-38" value="Сповіщення: забір не відбувся" style="text;html=1;align=center;verticalAlign=middle;resizable=0;points=[];autosize=1;strokeColor=none;fillColor=none;fontSize=11;" parent="1" vertex="1">
          <mxGeometry x="85" y="420" width="180" height="30" as="geometry" />
        </mxCell>
        <mxCell id="HSoUWeX7jAd-bS_L7V0z-39" value="Запитати новий час/&lt;div&gt;підтвердження готовності&lt;/div&gt;" style="text;html=1;align=center;verticalAlign=middle;resizable=0;points=[];autosize=1;strokeColor=none;fillColor=none;fontSize=11;" parent="1" vertex="1">
          <mxGeometry x="105" y="453" width="150" height="40" as="geometry" />
        </mxCell>
        <mxCell id="HSoUWeX7jAd-bS_L7V0z-40" value="Новий слот забору&amp;nbsp;&lt;div&gt;підтверджено&lt;/div&gt;" style="text;html=1;align=center;verticalAlign=middle;resizable=0;points=[];autosize=1;strokeColor=none;fillColor=none;fontSize=11;" parent="1" vertex="1">
          <mxGeometry x="115" y="505" width="120" height="40" as="geometry" />
        </mxCell>
        <mxCell id="HSoUWeX7jAd-bS_L7V0z-41" value="" style="endArrow=classic;html=1;rounded=0;entryX=1;entryY=0;entryDx=0;entryDy=5;entryPerimeter=0;dashed=1;" parent="1" target="HSoUWeX7jAd-bS_L7V0z-33" edge="1">
          <mxGeometry width="50" height="50" relative="1" as="geometry">
            <mxPoint x="480" y="435" as="sourcePoint" />
            <mxPoint x="420" y="410" as="targetPoint" />
          </mxGeometry>
        </mxCell>
        <mxCell id="HSoUWeX7jAd-bS_L7V0z-43" value="&lt;font style=&quot;font-size: 11px;&quot;&gt;Звіт: посилку не забрано&amp;nbsp;&lt;/font&gt;&lt;div&gt;&lt;font style=&quot;font-size: 11px;&quot;&gt;(відсутній/не готово)&lt;/font&gt;&lt;/div&gt;" style="text;html=1;align=center;verticalAlign=middle;resizable=0;points=[];autosize=1;strokeColor=none;fillColor=none;" parent="1" vertex="1">
          <mxGeometry x="300" y="400" width="150" height="40" as="geometry" />
        </mxCell>
        <mxCell id="HSoUWeX7jAd-bS_L7V0z-44" value="Перепризначити набір (новий слот)" style="text;html=1;align=center;verticalAlign=middle;resizable=0;points=[];autosize=1;strokeColor=none;fillColor=none;" parent="1" vertex="1">
          <mxGeometry x="265" y="535" width="220" height="30" as="geometry" />
        </mxCell>
        <mxCell id="HSoUWeX7jAd-bS_L7V0z-49" style="edgeStyle=orthogonalEdgeStyle;rounded=0;orthogonalLoop=1;jettySize=auto;html=1;curved=0;exitX=0;exitY=1;exitDx=0;exitDy=-5;exitPerimeter=0;dashed=1;" parent="1" source="HSoUWeX7jAd-bS_L7V0z-45" edge="1">
          <mxGeometry relative="1" as="geometry">
            <mxPoint x="270" y="640.3529411764707" as="targetPoint" />
          </mxGeometry>
        </mxCell>
        <mxCell id="HSoUWeX7jAd-bS_L7V0z-45" value="" style="html=1;points=[[0,0,0,0,5],[0,1,0,0,-5],[1,0,0,0,5],[1,1,0,0,-5]];perimeter=orthogonalPerimeter;outlineConnect=0;targetShapes=umlLifeline;portConstraint=eastwest;newEdgeStyle={&quot;curved&quot;:0,&quot;rounded&quot;:0};" parent="1" vertex="1">
          <mxGeometry x="470" y="560" width="10" height="85" as="geometry" />
        </mxCell>
        <mxCell id="HSoUWeX7jAd-bS_L7V0z-47" value="" style="endArrow=classic;html=1;rounded=0;" parent="1" source="HSoUWeX7jAd-bS_L7V0z-45" edge="1">
          <mxGeometry width="50" height="50" relative="1" as="geometry">
            <mxPoint x="460" y="600" as="sourcePoint" />
            <mxPoint x="90" y="600" as="targetPoint" />
          </mxGeometry>
        </mxCell>
        <mxCell id="HSoUWeX7jAd-bS_L7V0z-48" value="Повторний забір посилки" style="text;html=1;align=center;verticalAlign=middle;resizable=0;points=[];autosize=1;strokeColor=none;fillColor=none;" parent="1" vertex="1">
          <mxGeometry x="95" y="570" width="160" height="30" as="geometry" />
        </mxCell>
        <mxCell id="HSoUWeX7jAd-bS_L7V0z-50" value="Статус: посилка в кур&#39;єра" style="text;html=1;align=center;verticalAlign=middle;resizable=0;points=[];autosize=1;strokeColor=none;fillColor=none;" parent="1" vertex="1">
          <mxGeometry x="275" y="615" width="170" height="30" as="geometry" />
        </mxCell>
        <mxCell id="HSoUWeX7jAd-bS_L7V0z-54" value="Доставити посилку" style="text;html=1;align=center;verticalAlign=middle;resizable=0;points=[];autosize=1;strokeColor=none;fillColor=none;" parent="1" vertex="1">
          <mxGeometry x="490" y="740" width="130" height="30" as="geometry" />
        </mxCell>
        <mxCell id="HSoUWeX7jAd-bS_L7V0z-60" style="edgeStyle=orthogonalEdgeStyle;rounded=0;orthogonalLoop=1;jettySize=auto;html=1;curved=0;exitX=0;exitY=1;exitDx=0;exitDy=-5;exitPerimeter=0;dashed=1;" parent="1" source="HSoUWeX7jAd-bS_L7V0z-55" edge="1">
          <mxGeometry relative="1" as="geometry">
            <mxPoint x="480" y="840.3529411764707" as="targetPoint" />
          </mxGeometry>
        </mxCell>
        <mxCell id="HSoUWeX7jAd-bS_L7V0z-55" value="" style="html=1;points=[[0,0,0,0,5],[0,1,0,0,-5],[1,0,0,0,5],[1,1,0,0,-5]];perimeter=orthogonalPerimeter;outlineConnect=0;targetShapes=umlLifeline;portConstraint=eastwest;newEdgeStyle={&quot;curved&quot;:0,&quot;rounded&quot;:0};" parent="1" vertex="1">
          <mxGeometry x="700" y="760" width="10" height="85" as="geometry" />
        </mxCell>
        <mxCell id="HSoUWeX7jAd-bS_L7V0z-59" value="" style="endArrow=classic;html=1;rounded=0;entryX=0;entryY=0;entryDx=0;entryDy=5;entryPerimeter=0;" parent="1" target="HSoUWeX7jAd-bS_L7V0z-55" edge="1">
          <mxGeometry width="50" height="50" relative="1" as="geometry">
            <mxPoint x="480" y="765" as="sourcePoint" />
            <mxPoint x="680" y="820" as="targetPoint" />
          </mxGeometry>
        </mxCell>
        <mxCell id="HSoUWeX7jAd-bS_L7V0z-61" value="Підтвердження отримання" style="text;html=1;align=center;verticalAlign=middle;resizable=0;points=[];autosize=1;strokeColor=none;fillColor=none;" parent="1" vertex="1">
          <mxGeometry x="500" y="815" width="170" height="30" as="geometry" />
        </mxCell>
        <mxCell id="HSoUWeX7jAd-bS_L7V0z-63" style="edgeStyle=orthogonalEdgeStyle;rounded=0;orthogonalLoop=1;jettySize=auto;html=1;curved=0;dashed=1;" parent="1" edge="1">
          <mxGeometry relative="1" as="geometry">
            <mxPoint x="265" y="970.3529411764707" as="targetPoint" />
            <mxPoint x="475" y="970" as="sourcePoint" />
          </mxGeometry>
        </mxCell>
        <mxCell id="HSoUWeX7jAd-bS_L7V0z-64" value="Підтвердження доставки" style="text;html=1;align=center;verticalAlign=middle;resizable=0;points=[];autosize=1;strokeColor=none;fillColor=none;" parent="1" vertex="1">
          <mxGeometry x="280" y="940" width="160" height="30" as="geometry" />
        </mxCell>
        <mxCell id="HSoUWeX7jAd-bS_L7V0z-66" value="" style="endArrow=none;dashed=1;html=1;rounded=0;entryX=0.5;entryY=0.5;entryDx=0;entryDy=0;entryPerimeter=0;exitX=0.5;exitY=0.5;exitDx=0;exitDy=0;exitPerimeter=0;" parent="1" source="HSoUWeX7jAd-bS_L7V0z-71" target="HSoUWeX7jAd-bS_L7V0z-1" edge="1">
          <mxGeometry width="50" height="50" relative="1" as="geometry">
            <mxPoint x="85" y="1040" as="sourcePoint" />
            <mxPoint x="80.11000000000001" y="160" as="targetPoint" />
          </mxGeometry>
        </mxCell>
        <mxCell id="HSoUWeX7jAd-bS_L7V0z-67" value="" style="endArrow=none;dashed=1;html=1;rounded=0;entryX=0.5;entryY=0.5;entryDx=0;entryDy=0;entryPerimeter=0;exitX=0.5;exitY=0.5;exitDx=0;exitDy=0;exitPerimeter=0;" parent="1" source="HSoUWeX7jAd-bS_L7V0z-75" target="HSoUWeX7jAd-bS_L7V0z-4" edge="1">
          <mxGeometry width="50" height="50" relative="1" as="geometry">
            <mxPoint x="705" y="1040" as="sourcePoint" />
            <mxPoint x="680.11" y="280" as="targetPoint" />
          </mxGeometry>
        </mxCell>
        <mxCell id="HSoUWeX7jAd-bS_L7V0z-68" value="" style="endArrow=none;dashed=1;html=1;rounded=0;entryX=0.5;entryY=0.5;entryDx=0;entryDy=0;entryPerimeter=0;exitX=0.5;exitY=0.5;exitDx=0;exitDy=0;exitPerimeter=0;" parent="1" source="HSoUWeX7jAd-bS_L7V0z-74" target="HSoUWeX7jAd-bS_L7V0z-3" edge="1">
          <mxGeometry width="50" height="50" relative="1" as="geometry">
            <mxPoint x="475" y="1044.7058823529412" as="sourcePoint" />
            <mxPoint x="510.11" y="200" as="targetPoint" />
          </mxGeometry>
        </mxCell>
        <mxCell id="HSoUWeX7jAd-bS_L7V0z-69" style="edgeStyle=orthogonalEdgeStyle;rounded=0;orthogonalLoop=1;jettySize=auto;html=1;curved=0;dashed=1;" parent="1" edge="1">
          <mxGeometry relative="1" as="geometry">
            <mxPoint x="85" y="1020.3529411764707" as="targetPoint" />
            <mxPoint x="260" y="1020" as="sourcePoint" />
          </mxGeometry>
        </mxCell>
        <mxCell id="HSoUWeX7jAd-bS_L7V0z-70" value="Доставлено" style="text;html=1;align=center;verticalAlign=middle;resizable=0;points=[];autosize=1;strokeColor=none;fillColor=none;" parent="1" vertex="1">
          <mxGeometry x="125" y="990" width="90" height="30" as="geometry" />
        </mxCell>
        <mxCell id="HSoUWeX7jAd-bS_L7V0z-71" value="Відправник" style="shape=umlActor;verticalLabelPosition=bottom;verticalAlign=top;html=1;outlineConnect=0;" parent="1" vertex="1">
          <mxGeometry x="70" y="1060" width="30" height="60" as="geometry" />
        </mxCell>
        <mxCell id="HSoUWeX7jAd-bS_L7V0z-72" value="Сайт магазину" style="shape=umlBoundary;whiteSpace=wrap;html=1;" parent="1" vertex="1">
          <mxGeometry x="225" y="1070" width="70" height="60" as="geometry" />
        </mxCell>
        <mxCell id="HSoUWeX7jAd-bS_L7V0z-74" value="Кур&#39;єр" style="shape=umlActor;verticalLabelPosition=bottom;verticalAlign=top;html=1;outlineConnect=0;" parent="1" vertex="1">
          <mxGeometry x="460" y="1070" width="30" height="60" as="geometry" />
        </mxCell>
        <mxCell id="HSoUWeX7jAd-bS_L7V0z-75" value="Одержувач" style="shape=umlActor;verticalLabelPosition=bottom;verticalAlign=top;html=1;outlineConnect=0;" parent="1" vertex="1">
          <mxGeometry x="690" y="1070" width="30" height="60" as="geometry" />
        </mxCell>
      </root>
    </mxGraphModel>
  </diagram>
</mxfile>
