<?xml version="1.0" encoding="UTF-8"?>
<mxfile host="app.diagrams.net" agent="Mozilla/5.0 (Windows NT 10.0; Win64; x64) AppleWebKit/537.36 (KHTML, like Gecko) Chrome/138.0.0.0 Safari/537.36 OPR/122.0.0.0" version="28.2.5">
  <diagram name="Сторінка-1" id="8MTeNfrWIj-JwR545KJo">
    <mxGraphModel dx="827" dy="478" grid="1" gridSize="10" guides="1" tooltips="1" connect="1" arrows="1" fold="1" page="1" pageScale="1" pageWidth="1100" pageHeight="850" math="0" shadow="0">
      <root>
        <mxCell id="0" />
        <mxCell id="1" parent="0" />
        <mxCell id="kyg3ZQuNQcogPPbgxl_t-6" style="edgeStyle=orthogonalEdgeStyle;rounded=0;orthogonalLoop=1;jettySize=auto;html=1;exitX=0.5;exitY=1;exitDx=0;exitDy=0;entryX=0.5;entryY=0;entryDx=0;entryDy=0;" parent="1" source="kyg3ZQuNQcogPPbgxl_t-1" target="kyg3ZQuNQcogPPbgxl_t-3" edge="1">
          <mxGeometry relative="1" as="geometry" />
        </mxCell>
        <mxCell id="kyg3ZQuNQcogPPbgxl_t-1" value="" style="ellipse;html=1;shape=startState;fillColor=#000000;strokeColor=#ff0000;" parent="1" vertex="1">
          <mxGeometry x="100" y="40" width="30" height="30" as="geometry" />
        </mxCell>
        <mxCell id="kyg3ZQuNQcogPPbgxl_t-3" value="Створений" style="swimlane;fontStyle=1;align=center;verticalAlign=middle;childLayout=stackLayout;horizontal=1;startSize=30;horizontalStack=0;resizeParent=0;resizeLast=1;container=0;fontColor=#000000;collapsible=0;rounded=1;arcSize=30;strokeColor=#ff0000;fillColor=#ffffc0;swimlaneFillColor=#ffffc0;dropTarget=0;" parent="1" vertex="1">
          <mxGeometry x="35" y="125" width="160" height="60" as="geometry" />
        </mxCell>
        <mxCell id="kyg3ZQuNQcogPPbgxl_t-4" value="entry / збереження чернетки" style="text;html=1;strokeColor=none;fillColor=none;align=center;verticalAlign=middle;spacingLeft=4;spacingRight=4;whiteSpace=wrap;overflow=hidden;rotatable=0;fontColor=#000000;" parent="kyg3ZQuNQcogPPbgxl_t-3" vertex="1">
          <mxGeometry y="30" width="160" height="30" as="geometry" />
        </mxCell>
        <mxCell id="kyg3ZQuNQcogPPbgxl_t-7" value="На модерації" style="swimlane;fontStyle=1;align=center;verticalAlign=middle;childLayout=stackLayout;horizontal=1;startSize=30;horizontalStack=0;resizeParent=0;resizeLast=1;container=0;fontColor=#000000;collapsible=0;rounded=1;arcSize=30;strokeColor=#ff0000;fillColor=#ffffc0;swimlaneFillColor=#ffffc0;dropTarget=0;" parent="1" vertex="1">
          <mxGeometry x="30" y="245" width="170" height="65" as="geometry" />
        </mxCell>
        <mxCell id="kyg3ZQuNQcogPPbgxl_t-8" value="do / перевірка контенту&lt;div&gt;exit / збереження результату&lt;/div&gt;" style="text;html=1;strokeColor=none;fillColor=none;align=center;verticalAlign=middle;spacingLeft=4;spacingRight=4;whiteSpace=wrap;overflow=hidden;rotatable=0;fontColor=#000000;" parent="kyg3ZQuNQcogPPbgxl_t-7" vertex="1">
          <mxGeometry y="30" width="170" height="35" as="geometry" />
        </mxCell>
        <mxCell id="kyg3ZQuNQcogPPbgxl_t-10" style="edgeStyle=orthogonalEdgeStyle;rounded=0;orthogonalLoop=1;jettySize=auto;html=1;exitX=0.5;exitY=1;exitDx=0;exitDy=0;entryX=0.5;entryY=0;entryDx=0;entryDy=0;" parent="1" source="kyg3ZQuNQcogPPbgxl_t-4" target="kyg3ZQuNQcogPPbgxl_t-7" edge="1">
          <mxGeometry relative="1" as="geometry">
            <Array as="points">
              <mxPoint x="115" y="245" />
            </Array>
          </mxGeometry>
        </mxCell>
        <mxCell id="kyg3ZQuNQcogPPbgxl_t-11" value="Опублікований" style="swimlane;fontStyle=1;align=center;verticalAlign=middle;childLayout=stackLayout;horizontal=1;startSize=30;horizontalStack=0;resizeParent=0;resizeLast=1;container=0;fontColor=#000000;collapsible=0;rounded=1;arcSize=30;strokeColor=#ff0000;fillColor=#ffffc0;swimlaneFillColor=#ffffc0;dropTarget=0;" parent="1" vertex="1">
          <mxGeometry x="410" y="245" width="170" height="75" as="geometry" />
        </mxCell>
        <mxCell id="kyg3ZQuNQcogPPbgxl_t-12" value="do / відображення на платформі" style="text;html=1;strokeColor=none;fillColor=none;align=center;verticalAlign=middle;spacingLeft=4;spacingRight=4;whiteSpace=wrap;overflow=hidden;rotatable=0;fontColor=#000000;" parent="kyg3ZQuNQcogPPbgxl_t-11" vertex="1">
          <mxGeometry y="30" width="170" height="45" as="geometry" />
        </mxCell>
        <mxCell id="kyg3ZQuNQcogPPbgxl_t-21" style="edgeStyle=orthogonalEdgeStyle;rounded=0;orthogonalLoop=1;jettySize=auto;html=1;exitX=1;exitY=0.25;exitDx=0;exitDy=0;entryX=0;entryY=0.25;entryDx=0;entryDy=0;" parent="1" source="kyg3ZQuNQcogPPbgxl_t-8" target="kyg3ZQuNQcogPPbgxl_t-12" edge="1">
          <mxGeometry relative="1" as="geometry">
            <Array as="points">
              <mxPoint x="280" y="284" />
            </Array>
          </mxGeometry>
        </mxCell>
        <mxCell id="kyg3ZQuNQcogPPbgxl_t-22" value="Оцінюваний" style="swimlane;fontStyle=1;align=center;verticalAlign=middle;childLayout=stackLayout;horizontal=1;startSize=30;horizontalStack=0;resizeParent=0;resizeLast=1;container=0;fontColor=#000000;collapsible=0;rounded=1;arcSize=30;strokeColor=#ff0000;fillColor=#ffffc0;swimlaneFillColor=#ffffc0;dropTarget=0;" parent="1" vertex="1">
          <mxGeometry x="410" y="370" width="170" height="90" as="geometry" />
        </mxCell>
        <mxCell id="kyg3ZQuNQcogPPbgxl_t-23" value="entry / відкрита можливість ставити оцінки&lt;div&gt;do / накопичення оцінок, коментарів&lt;/div&gt;" style="text;html=1;strokeColor=none;fillColor=none;align=center;verticalAlign=middle;spacingLeft=4;spacingRight=4;whiteSpace=wrap;overflow=hidden;rotatable=0;fontColor=#000000;" parent="kyg3ZQuNQcogPPbgxl_t-22" vertex="1">
          <mxGeometry y="30" width="170" height="60" as="geometry" />
        </mxCell>
        <mxCell id="kyg3ZQuNQcogPPbgxl_t-25" style="edgeStyle=orthogonalEdgeStyle;rounded=0;orthogonalLoop=1;jettySize=auto;html=1;exitX=0.5;exitY=1;exitDx=0;exitDy=0;entryX=0.5;entryY=0;entryDx=0;entryDy=0;" parent="1" source="kyg3ZQuNQcogPPbgxl_t-12" target="kyg3ZQuNQcogPPbgxl_t-22" edge="1">
          <mxGeometry relative="1" as="geometry" />
        </mxCell>
        <mxCell id="kyg3ZQuNQcogPPbgxl_t-26" value="Рекомендований" style="swimlane;fontStyle=1;align=center;verticalAlign=middle;childLayout=stackLayout;horizontal=1;startSize=30;horizontalStack=0;resizeParent=0;resizeLast=1;container=0;fontColor=#000000;collapsible=0;rounded=1;arcSize=30;strokeColor=#ff0000;fillColor=#ffffc0;swimlaneFillColor=#ffffc0;dropTarget=0;" parent="1" vertex="1">
          <mxGeometry x="410" y="510" width="170" height="70" as="geometry" />
        </mxCell>
        <mxCell id="kyg3ZQuNQcogPPbgxl_t-27" value="do / просування рецепта у рекомендаціях" style="text;html=1;strokeColor=none;fillColor=none;align=center;verticalAlign=middle;spacingLeft=4;spacingRight=4;whiteSpace=wrap;overflow=hidden;rotatable=0;fontColor=#000000;" parent="kyg3ZQuNQcogPPbgxl_t-26" vertex="1">
          <mxGeometry y="30" width="170" height="40" as="geometry" />
        </mxCell>
        <mxCell id="kyg3ZQuNQcogPPbgxl_t-28" style="edgeStyle=orthogonalEdgeStyle;rounded=0;orthogonalLoop=1;jettySize=auto;html=1;exitX=0.5;exitY=1;exitDx=0;exitDy=0;entryX=0.5;entryY=0;entryDx=0;entryDy=0;" parent="1" source="kyg3ZQuNQcogPPbgxl_t-23" target="kyg3ZQuNQcogPPbgxl_t-26" edge="1">
          <mxGeometry relative="1" as="geometry" />
        </mxCell>
        <mxCell id="kyg3ZQuNQcogPPbgxl_t-32" value="Архівований" style="swimlane;fontStyle=1;align=center;verticalAlign=middle;childLayout=stackLayout;horizontal=1;startSize=30;horizontalStack=0;resizeParent=0;resizeLast=1;container=0;fontColor=#000000;collapsible=0;rounded=1;arcSize=30;strokeColor=#ff0000;fillColor=#ffffc0;swimlaneFillColor=#ffffc0;dropTarget=0;" parent="1" vertex="1">
          <mxGeometry x="410" y="620" width="170" height="70" as="geometry" />
        </mxCell>
        <mxCell id="kyg3ZQuNQcogPPbgxl_t-33" value="entry / приховування з пошуку" style="text;html=1;strokeColor=none;fillColor=none;align=center;verticalAlign=middle;spacingLeft=4;spacingRight=4;whiteSpace=wrap;overflow=hidden;rotatable=0;fontColor=#000000;" parent="kyg3ZQuNQcogPPbgxl_t-32" vertex="1">
          <mxGeometry y="30" width="170" height="40" as="geometry" />
        </mxCell>
        <mxCell id="kyg3ZQuNQcogPPbgxl_t-34" style="edgeStyle=orthogonalEdgeStyle;rounded=0;orthogonalLoop=1;jettySize=auto;html=1;exitX=0.5;exitY=1;exitDx=0;exitDy=0;entryX=0.5;entryY=0;entryDx=0;entryDy=0;" parent="1" source="kyg3ZQuNQcogPPbgxl_t-27" target="kyg3ZQuNQcogPPbgxl_t-32" edge="1">
          <mxGeometry relative="1" as="geometry" />
        </mxCell>
        <mxCell id="kyg3ZQuNQcogPPbgxl_t-35" style="edgeStyle=orthogonalEdgeStyle;rounded=0;orthogonalLoop=1;jettySize=auto;html=1;exitX=1;exitY=0;exitDx=0;exitDy=0;entryX=1;entryY=0.25;entryDx=0;entryDy=0;" parent="1" source="kyg3ZQuNQcogPPbgxl_t-12" target="kyg3ZQuNQcogPPbgxl_t-33" edge="1">
          <mxGeometry relative="1" as="geometry">
            <Array as="points">
              <mxPoint x="580" y="280" />
              <mxPoint x="600" y="280" />
              <mxPoint x="600" y="660" />
            </Array>
          </mxGeometry>
        </mxCell>
        <mxCell id="kyg3ZQuNQcogPPbgxl_t-36" style="edgeStyle=orthogonalEdgeStyle;rounded=0;orthogonalLoop=1;jettySize=auto;html=1;exitX=0.5;exitY=1;exitDx=0;exitDy=0;entryX=0;entryY=0.25;entryDx=0;entryDy=0;" parent="1" source="kyg3ZQuNQcogPPbgxl_t-8" target="kyg3ZQuNQcogPPbgxl_t-33" edge="1">
          <mxGeometry relative="1" as="geometry" />
        </mxCell>
        <mxCell id="kyg3ZQuNQcogPPbgxl_t-37" value="Видалений" style="swimlane;fontStyle=1;align=center;verticalAlign=middle;childLayout=stackLayout;horizontal=1;startSize=30;horizontalStack=0;resizeParent=0;resizeLast=1;container=0;fontColor=#000000;collapsible=0;rounded=1;arcSize=30;strokeColor=#ff0000;fillColor=#ffffc0;swimlaneFillColor=#ffffc0;dropTarget=0;" parent="1" vertex="1">
          <mxGeometry x="415" y="720" width="160" height="60" as="geometry" />
        </mxCell>
        <mxCell id="kyg3ZQuNQcogPPbgxl_t-38" value="entry / остаточне видалення" style="text;html=1;strokeColor=none;fillColor=none;align=center;verticalAlign=middle;spacingLeft=4;spacingRight=4;whiteSpace=wrap;overflow=hidden;rotatable=0;fontColor=#000000;" parent="kyg3ZQuNQcogPPbgxl_t-37" vertex="1">
          <mxGeometry y="30" width="160" height="30" as="geometry" />
        </mxCell>
        <mxCell id="kyg3ZQuNQcogPPbgxl_t-40" style="edgeStyle=orthogonalEdgeStyle;rounded=0;orthogonalLoop=1;jettySize=auto;html=1;exitX=0.5;exitY=1;exitDx=0;exitDy=0;entryX=0.5;entryY=0;entryDx=0;entryDy=0;" parent="1" source="kyg3ZQuNQcogPPbgxl_t-33" target="kyg3ZQuNQcogPPbgxl_t-37" edge="1">
          <mxGeometry relative="1" as="geometry" />
        </mxCell>
        <mxCell id="kyg3ZQuNQcogPPbgxl_t-41" value="" style="ellipse;html=1;shape=endState;fillColor=#000000;strokeColor=#ff0000;" parent="1" vertex="1">
          <mxGeometry x="480" y="810" width="30" height="30" as="geometry" />
        </mxCell>
        <mxCell id="kyg3ZQuNQcogPPbgxl_t-42" style="edgeStyle=orthogonalEdgeStyle;rounded=0;orthogonalLoop=1;jettySize=auto;html=1;exitX=0.5;exitY=1;exitDx=0;exitDy=0;entryX=0.5;entryY=0;entryDx=0;entryDy=0;" parent="1" source="kyg3ZQuNQcogPPbgxl_t-38" target="kyg3ZQuNQcogPPbgxl_t-41" edge="1">
          <mxGeometry relative="1" as="geometry" />
        </mxCell>
        <mxCell id="kyg3ZQuNQcogPPbgxl_t-44" value="&lt;span style=&quot;line-height: 107%;&quot;&gt;&lt;font face=&quot;Helvetica&quot; style=&quot;&quot;&gt;надсилання на публікацію&lt;/font&gt;&lt;/span&gt;" style="text;html=1;align=center;verticalAlign=middle;resizable=0;points=[];autosize=1;strokeColor=none;fillColor=none;" parent="1" vertex="1">
          <mxGeometry x="30" y="208" width="170" height="30" as="geometry" />
        </mxCell>
        <mxCell id="kyg3ZQuNQcogPPbgxl_t-45" value="&lt;span style=&quot;line-height: 107%;&quot;&gt;&lt;font face=&quot;Helvetica&quot; style=&quot;&quot;&gt;рішення модератора(публікація)&lt;/font&gt;&lt;/span&gt;" style="text;html=1;align=center;verticalAlign=middle;resizable=0;points=[];autosize=1;strokeColor=none;fillColor=none;" parent="1" vertex="1">
          <mxGeometry x="200" y="262.5" width="200" height="30" as="geometry" />
        </mxCell>
        <mxCell id="kyg3ZQuNQcogPPbgxl_t-46" value="&lt;span style=&quot;line-height: 107%;&quot;&gt;&lt;font face=&quot;Helvetica&quot; style=&quot;&quot;&gt;збір рейтингу та узагальнення оцінки&lt;/font&gt;&lt;/span&gt;" style="text;html=1;align=center;verticalAlign=middle;resizable=0;points=[];autosize=1;strokeColor=none;fillColor=none;" parent="1" vertex="1">
          <mxGeometry x="380" y="328" width="230" height="30" as="geometry" />
        </mxCell>
        <mxCell id="kyg3ZQuNQcogPPbgxl_t-47" value="&lt;span style=&quot;line-height: 107%;&quot;&gt;&lt;font face=&quot;Helvetica&quot; style=&quot;&quot;&gt;потрапляння до “рекомендованих”&lt;/font&gt;&lt;/span&gt;" style="text;html=1;align=center;verticalAlign=middle;resizable=0;points=[];autosize=1;strokeColor=none;fillColor=none;" parent="1" vertex="1">
          <mxGeometry x="390" y="468" width="220" height="30" as="geometry" />
        </mxCell>
        <mxCell id="kyg3ZQuNQcogPPbgxl_t-48" value="&lt;span style=&quot;line-height: 107%;&quot;&gt;&lt;font face=&quot;Helvetica&quot; style=&quot;&quot;&gt;архівація рецепта&lt;/font&gt;&lt;/span&gt;" style="text;html=1;align=center;verticalAlign=middle;resizable=0;points=[];autosize=1;strokeColor=none;fillColor=none;" parent="1" vertex="1">
          <mxGeometry x="435" y="580" width="120" height="30" as="geometry" />
        </mxCell>
        <mxCell id="kyg3ZQuNQcogPPbgxl_t-49" value="рішення модератора(відхилено)" style="text;html=1;align=center;verticalAlign=middle;resizable=0;points=[];autosize=1;strokeColor=none;fillColor=none;" parent="1" vertex="1">
          <mxGeometry x="130" y="630" width="200" height="30" as="geometry" />
        </mxCell>
        <mxCell id="kyg3ZQuNQcogPPbgxl_t-50" value="&lt;span style=&quot;line-height: 107%;&quot;&gt;&lt;font face=&quot;Helvetica&quot; style=&quot;&quot;&gt;остаточне видалення&lt;/font&gt;&lt;/span&gt;" style="text;html=1;align=center;verticalAlign=middle;resizable=0;points=[];autosize=1;strokeColor=none;fillColor=none;" parent="1" vertex="1">
          <mxGeometry x="430" y="690" width="140" height="30" as="geometry" />
        </mxCell>
        <mxCell id="kyg3ZQuNQcogPPbgxl_t-43" value="&lt;span style=&quot;line-height: 107%;&quot;&gt;&lt;font face=&quot;Helvetica&quot; style=&quot;&quot;&gt;створення рецепта&lt;/font&gt;&lt;/span&gt;" style="text;html=1;align=center;verticalAlign=middle;resizable=0;points=[];autosize=1;strokeColor=none;fillColor=none;" parent="1" vertex="1">
          <mxGeometry x="50" y="88" width="130" height="30" as="geometry" />
        </mxCell>
      </root>
    </mxGraphModel>
  </diagram>
</mxfile>
