<?xml version="1.0" encoding="UTF-8"?>
<mxfile host="app.diagrams.net" agent="Mozilla/5.0 (Windows NT 10.0; Win64; x64) AppleWebKit/537.36 (KHTML, like Gecko) Chrome/138.0.0.0 Safari/537.36 OPR/122.0.0.0" version="28.2.5">
  <diagram name="Сторінка-1" id="1fK0qR5hM3ZU50iWlEQP">
    <mxGraphModel dx="1034" dy="598" grid="1" gridSize="10" guides="1" tooltips="1" connect="1" arrows="1" fold="1" page="1" pageScale="1" pageWidth="1100" pageHeight="850" math="0" shadow="0">
      <root>
        <mxCell id="0" />
        <mxCell id="1" parent="0" />
        <mxCell id="X-D_j7nxScEuZj7azUe9-17" style="edgeStyle=orthogonalEdgeStyle;rounded=0;orthogonalLoop=1;jettySize=auto;html=1;exitX=0.5;exitY=1;exitDx=0;exitDy=0;entryX=0.5;entryY=0;entryDx=0;entryDy=0;" parent="1" source="X-D_j7nxScEuZj7azUe9-3" target="X-D_j7nxScEuZj7azUe9-5" edge="1">
          <mxGeometry relative="1" as="geometry" />
        </mxCell>
        <mxCell id="X-D_j7nxScEuZj7azUe9-3" value="" style="ellipse;html=1;shape=startState;fillColor=#000000;strokeColor=#ff0000;" parent="1" vertex="1">
          <mxGeometry x="140" y="30" width="30" height="30" as="geometry" />
        </mxCell>
        <mxCell id="X-D_j7nxScEuZj7azUe9-5" value="Створена" style="swimlane;fontStyle=1;align=center;verticalAlign=middle;childLayout=stackLayout;horizontal=1;startSize=30;horizontalStack=0;resizeParent=0;resizeLast=1;container=0;fontColor=#000000;collapsible=0;rounded=1;arcSize=30;strokeColor=#ff0000;fillColor=#ffffc0;swimlaneFillColor=#ffffc0;dropTarget=0;" parent="1" vertex="1">
          <mxGeometry x="60" y="120" width="190" height="80" as="geometry" />
        </mxCell>
        <mxCell id="X-D_j7nxScEuZj7azUe9-6" value="&lt;font style=&quot;font-size: 11px;&quot;&gt;entry /&amp;nbsp;&lt;span style=&quot;line-height: 107%;&quot;&gt;&lt;font face=&quot;Helvetica&quot;&gt;збереження даних про відправника та отримувача&lt;/font&gt;&lt;/span&gt;&lt;/font&gt;" style="text;html=1;strokeColor=none;fillColor=none;align=center;verticalAlign=middle;spacingLeft=4;spacingRight=4;whiteSpace=wrap;overflow=hidden;rotatable=0;fontColor=#000000;" parent="X-D_j7nxScEuZj7azUe9-5" vertex="1">
          <mxGeometry y="30" width="190" height="50" as="geometry" />
        </mxCell>
        <mxCell id="X-D_j7nxScEuZj7azUe9-8" value="Прийнята відправником/кур’єром" style="swimlane;fontStyle=1;align=center;verticalAlign=middle;childLayout=stackLayout;horizontal=1;startSize=30;horizontalStack=0;resizeParent=0;resizeLast=1;container=0;fontColor=#000000;collapsible=0;rounded=1;arcSize=30;strokeColor=#ff0000;fillColor=#ffffc0;swimlaneFillColor=#ffffc0;dropTarget=0;fontFamily=Helvetica;fontSize=11;" parent="1" vertex="1">
          <mxGeometry x="60" y="240" width="190" height="80" as="geometry" />
        </mxCell>
        <mxCell id="X-D_j7nxScEuZj7azUe9-9" value="&lt;font style=&quot;font-size: 11px;&quot;&gt;do / маркування штрихкодом, перевірка оплати&lt;/font&gt;" style="text;html=1;strokeColor=none;fillColor=none;align=center;verticalAlign=middle;spacingLeft=4;spacingRight=4;whiteSpace=wrap;overflow=hidden;rotatable=0;fontColor=#000000;" parent="X-D_j7nxScEuZj7azUe9-8" vertex="1">
          <mxGeometry y="30" width="190" height="50" as="geometry" />
        </mxCell>
        <mxCell id="X-D_j7nxScEuZj7azUe9-14" value="do / маркування штрихкодом, перевірка оплати" style="text;html=1;strokeColor=none;fillColor=none;align=center;verticalAlign=middle;spacingLeft=4;spacingRight=4;whiteSpace=wrap;overflow=hidden;rotatable=0;fontColor=#000000;" parent="X-D_j7nxScEuZj7azUe9-8" vertex="1">
          <mxGeometry y="80" width="190" as="geometry" />
        </mxCell>
        <mxCell id="X-D_j7nxScEuZj7azUe9-11" value="У сортуванні" style="swimlane;fontStyle=1;align=center;verticalAlign=middle;childLayout=stackLayout;horizontal=1;startSize=30;horizontalStack=0;resizeParent=0;resizeLast=1;container=0;fontColor=#000000;collapsible=0;rounded=1;arcSize=30;strokeColor=#ff0000;fillColor=#ffffc0;swimlaneFillColor=#ffffc0;dropTarget=0;" parent="1" vertex="1">
          <mxGeometry x="400" y="240" width="190" height="80" as="geometry" />
        </mxCell>
        <mxCell id="X-D_j7nxScEuZj7azUe9-12" value="&lt;span style=&quot;line-height: 107%;&quot;&gt;&lt;font face=&quot;Helvetica&quot; style=&quot;font-size: 11px;&quot;&gt;do / визначення маршруту, перенаправлення до потрібного хабу&lt;/font&gt;&lt;/span&gt;" style="text;html=1;strokeColor=none;fillColor=none;align=center;verticalAlign=middle;spacingLeft=4;spacingRight=4;whiteSpace=wrap;overflow=hidden;rotatable=0;fontColor=#000000;" parent="X-D_j7nxScEuZj7azUe9-11" vertex="1">
          <mxGeometry y="30" width="190" height="50" as="geometry" />
        </mxCell>
        <mxCell id="X-D_j7nxScEuZj7azUe9-15" style="edgeStyle=orthogonalEdgeStyle;rounded=0;orthogonalLoop=1;jettySize=auto;html=1;exitX=1;exitY=0.25;exitDx=0;exitDy=0;entryX=0;entryY=0.25;entryDx=0;entryDy=0;" parent="1" source="X-D_j7nxScEuZj7azUe9-9" target="X-D_j7nxScEuZj7azUe9-12" edge="1">
          <mxGeometry relative="1" as="geometry" />
        </mxCell>
        <mxCell id="X-D_j7nxScEuZj7azUe9-16" style="edgeStyle=orthogonalEdgeStyle;rounded=0;orthogonalLoop=1;jettySize=auto;html=1;exitX=0.5;exitY=1;exitDx=0;exitDy=0;entryX=0.5;entryY=0;entryDx=0;entryDy=0;" parent="1" source="X-D_j7nxScEuZj7azUe9-6" target="X-D_j7nxScEuZj7azUe9-8" edge="1">
          <mxGeometry relative="1" as="geometry" />
        </mxCell>
        <mxCell id="X-D_j7nxScEuZj7azUe9-31" value="У транспортуванні" style="swimlane;fontStyle=1;align=center;verticalAlign=middle;childLayout=stackLayout;horizontal=1;startSize=30;horizontalStack=0;resizeParent=0;resizeLast=1;container=0;fontColor=#000000;collapsible=0;rounded=1;arcSize=30;strokeColor=#ff0000;fillColor=#ffffc0;swimlaneFillColor=#ffffc0;dropTarget=0;" parent="1" vertex="1">
          <mxGeometry x="690" y="240" width="200" height="80" as="geometry" />
        </mxCell>
        <mxCell id="X-D_j7nxScEuZj7azUe9-32" value="&lt;font style=&quot;font-size: 11px;&quot;&gt;do /&amp;nbsp;&lt;span style=&quot;line-height: 107%;&quot;&gt;&lt;font face=&quot;Helvetica&quot; style=&quot;&quot;&gt;перевезення транспортом&lt;/font&gt;&lt;/span&gt;&lt;/font&gt;" style="text;html=1;strokeColor=none;fillColor=none;align=center;verticalAlign=middle;spacingLeft=4;spacingRight=4;whiteSpace=wrap;overflow=hidden;rotatable=0;fontColor=#000000;" parent="X-D_j7nxScEuZj7azUe9-31" vertex="1">
          <mxGeometry y="30" width="200" height="50" as="geometry" />
        </mxCell>
        <mxCell id="X-D_j7nxScEuZj7azUe9-34" style="edgeStyle=orthogonalEdgeStyle;rounded=0;orthogonalLoop=1;jettySize=auto;html=1;exitX=1;exitY=0.25;exitDx=0;exitDy=0;entryX=0;entryY=0.25;entryDx=0;entryDy=0;" parent="1" source="X-D_j7nxScEuZj7azUe9-12" target="X-D_j7nxScEuZj7azUe9-32" edge="1">
          <mxGeometry relative="1" as="geometry" />
        </mxCell>
        <mxCell id="X-D_j7nxScEuZj7azUe9-38" value="Очікує на вручення" style="swimlane;fontStyle=1;align=center;verticalAlign=middle;childLayout=stackLayout;horizontal=1;startSize=30;horizontalStack=0;resizeParent=0;resizeLast=1;container=0;fontColor=#000000;collapsible=0;rounded=1;arcSize=30;strokeColor=#ff0000;fillColor=#ffffc0;swimlaneFillColor=#ffffc0;dropTarget=0;" parent="1" vertex="1">
          <mxGeometry x="690" y="365" width="200" height="120" as="geometry" />
        </mxCell>
        <mxCell id="X-D_j7nxScEuZj7azUe9-39" value="&lt;p style=&quot;margin-bottom:0cm&quot; class=&quot;MsoNormal&quot;&gt;&lt;/p&gt;&lt;div style=&quot;text-align: center;&quot;&gt;&lt;span style=&quot;background-color: transparent; color: light-dark(rgb(0, 0, 0), rgb(237, 237, 237));&quot;&gt;entry / повідомлення&lt;/span&gt;&lt;/div&gt;&lt;span style=&quot;line-height: 107%;&quot;&gt;&lt;div style=&quot;text-align: center;&quot;&gt;&lt;span style=&quot;background-color: transparent; color: light-dark(rgb(0, 0, 0), rgb(237, 237, 237));&quot;&gt;клієнта&lt;/span&gt;&lt;/div&gt;&lt;div style=&quot;text-align: center;&quot;&gt;&lt;span style=&quot;background-color: transparent; color: light-dark(rgb(0, 0, 0), rgb(237, 237, 237));&quot;&gt;exit /після фактичного&lt;/span&gt;&lt;/div&gt;&lt;/span&gt;&lt;span style=&quot;line-height: 107%;&quot;&gt;&lt;font face=&quot;Helvetica&quot; style=&quot;&quot;&gt;&lt;div style=&quot;text-align: center;&quot;&gt;&lt;span style=&quot;background-color: transparent; color: light-dark(rgb(0, 0, 0), rgb(237, 237, 237));&quot;&gt;вручення або закінчення строку зберігання&lt;/span&gt;&lt;/div&gt;&lt;/font&gt;&lt;/span&gt;" style="text;html=1;strokeColor=none;fillColor=none;align=left;verticalAlign=middle;spacingLeft=4;spacingRight=4;whiteSpace=wrap;overflow=hidden;rotatable=0;fontColor=#000000;" parent="X-D_j7nxScEuZj7azUe9-38" vertex="1">
          <mxGeometry y="30" width="200" height="90" as="geometry" />
        </mxCell>
        <mxCell id="X-D_j7nxScEuZj7azUe9-40" style="edgeStyle=orthogonalEdgeStyle;rounded=0;orthogonalLoop=1;jettySize=auto;html=1;exitX=0.5;exitY=1;exitDx=0;exitDy=0;entryX=0.5;entryY=0;entryDx=0;entryDy=0;" parent="1" source="X-D_j7nxScEuZj7azUe9-32" target="X-D_j7nxScEuZj7azUe9-38" edge="1">
          <mxGeometry relative="1" as="geometry" />
        </mxCell>
        <mxCell id="X-D_j7nxScEuZj7azUe9-41" value="Вручена отримувачу" style="swimlane;fontStyle=1;align=center;verticalAlign=middle;childLayout=stackLayout;horizontal=1;startSize=30;horizontalStack=0;resizeParent=0;resizeLast=1;container=0;fontColor=#000000;collapsible=0;rounded=1;arcSize=30;strokeColor=#ff0000;fillColor=#ffffc0;swimlaneFillColor=#ffffc0;dropTarget=0;" parent="1" vertex="1">
          <mxGeometry x="420" y="520" width="190" height="80" as="geometry" />
        </mxCell>
        <mxCell id="X-D_j7nxScEuZj7azUe9-42" value="&lt;span style=&quot;line-height: 107%;&quot;&gt;&lt;font face=&quot;Helvetica&quot; style=&quot;&quot;&gt;entry / підтвердження вручення&lt;/font&gt;&lt;/span&gt;" style="text;html=1;strokeColor=none;fillColor=none;align=center;verticalAlign=middle;spacingLeft=4;spacingRight=4;whiteSpace=wrap;overflow=hidden;rotatable=0;fontColor=#000000;" parent="X-D_j7nxScEuZj7azUe9-41" vertex="1">
          <mxGeometry y="30" width="190" height="50" as="geometry" />
        </mxCell>
        <mxCell id="X-D_j7nxScEuZj7azUe9-44" style="edgeStyle=orthogonalEdgeStyle;rounded=0;orthogonalLoop=1;jettySize=auto;html=1;exitX=0.5;exitY=1;exitDx=0;exitDy=0;entryX=0.5;entryY=0;entryDx=0;entryDy=0;" parent="1" source="X-D_j7nxScEuZj7azUe9-39" target="X-D_j7nxScEuZj7azUe9-41" edge="1">
          <mxGeometry relative="1" as="geometry">
            <Array as="points">
              <mxPoint x="790" y="500" />
              <mxPoint x="515" y="500" />
            </Array>
          </mxGeometry>
        </mxCell>
        <mxCell id="X-D_j7nxScEuZj7azUe9-45" value="Повернена відправнику" style="swimlane;fontStyle=1;align=center;verticalAlign=middle;childLayout=stackLayout;horizontal=1;startSize=30;horizontalStack=0;resizeParent=0;resizeLast=1;container=0;fontColor=#000000;collapsible=0;rounded=1;arcSize=30;strokeColor=#ff0000;fillColor=#ffffc0;swimlaneFillColor=#ffffc0;dropTarget=0;" parent="1" vertex="1">
          <mxGeometry x="880" y="520" width="190" height="80" as="geometry" />
        </mxCell>
        <mxCell id="X-D_j7nxScEuZj7azUe9-46" value="&lt;span style=&quot;line-height: 107%;&quot;&gt;&lt;font face=&quot;Helvetica&quot; style=&quot;&quot;&gt;entry / повідомлення відправнику&lt;/font&gt;&lt;/span&gt;" style="text;html=1;strokeColor=none;fillColor=none;align=center;verticalAlign=middle;spacingLeft=4;spacingRight=4;whiteSpace=wrap;overflow=hidden;rotatable=0;fontColor=#000000;" parent="X-D_j7nxScEuZj7azUe9-45" vertex="1">
          <mxGeometry y="30" width="190" height="50" as="geometry" />
        </mxCell>
        <mxCell id="X-D_j7nxScEuZj7azUe9-47" style="edgeStyle=orthogonalEdgeStyle;rounded=0;orthogonalLoop=1;jettySize=auto;html=1;exitX=0.5;exitY=1;exitDx=0;exitDy=0;entryX=0.5;entryY=0;entryDx=0;entryDy=0;" parent="1" source="X-D_j7nxScEuZj7azUe9-39" target="X-D_j7nxScEuZj7azUe9-45" edge="1">
          <mxGeometry relative="1" as="geometry">
            <Array as="points">
              <mxPoint x="790" y="500" />
              <mxPoint x="975" y="500" />
            </Array>
          </mxGeometry>
        </mxCell>
        <mxCell id="X-D_j7nxScEuZj7azUe9-49" value="" style="ellipse;html=1;shape=endState;fillColor=#000000;strokeColor=#ff0000;" parent="1" vertex="1">
          <mxGeometry x="740" y="630" width="30" height="30" as="geometry" />
        </mxCell>
        <mxCell id="X-D_j7nxScEuZj7azUe9-50" style="edgeStyle=orthogonalEdgeStyle;rounded=0;orthogonalLoop=1;jettySize=auto;html=1;exitX=0.5;exitY=1;exitDx=0;exitDy=0;entryX=0;entryY=0.5;entryDx=0;entryDy=0;" parent="1" source="X-D_j7nxScEuZj7azUe9-42" target="X-D_j7nxScEuZj7azUe9-49" edge="1">
          <mxGeometry relative="1" as="geometry" />
        </mxCell>
        <mxCell id="X-D_j7nxScEuZj7azUe9-51" style="edgeStyle=orthogonalEdgeStyle;rounded=0;orthogonalLoop=1;jettySize=auto;html=1;exitX=0.5;exitY=1;exitDx=0;exitDy=0;entryX=1;entryY=0.5;entryDx=0;entryDy=0;" parent="1" source="X-D_j7nxScEuZj7azUe9-46" target="X-D_j7nxScEuZj7azUe9-49" edge="1">
          <mxGeometry relative="1" as="geometry" />
        </mxCell>
        <mxCell id="X-D_j7nxScEuZj7azUe9-52" value="&lt;span style=&quot;line-height: 107%;&quot;&gt;&lt;font face=&quot;Helvetica&quot; style=&quot;&quot;&gt;створення посилки&amp;nbsp;&lt;/font&gt;&lt;/span&gt;" style="text;html=1;align=center;verticalAlign=middle;resizable=0;points=[];autosize=1;strokeColor=none;fillColor=none;" parent="1" vertex="1">
          <mxGeometry x="90" y="68" width="130" height="30" as="geometry" />
        </mxCell>
        <mxCell id="X-D_j7nxScEuZj7azUe9-53" value="&lt;span style=&quot;line-height: 107%;&quot;&gt;&lt;font face=&quot;Helvetica&quot; style=&quot;&quot;&gt;кур’єр приймає посилку&amp;nbsp;&lt;/font&gt;&lt;/span&gt;" style="text;html=1;align=center;verticalAlign=middle;resizable=0;points=[];autosize=1;strokeColor=none;fillColor=none;" parent="1" vertex="1">
          <mxGeometry x="75" y="200" width="160" height="30" as="geometry" />
        </mxCell>
        <mxCell id="X-D_j7nxScEuZj7azUe9-54" value="&lt;span style=&quot;line-height: 107%;&quot;&gt;&lt;font face=&quot;Helvetica&quot; style=&quot;&quot;&gt;посилка надходить у&amp;nbsp;&lt;/font&gt;&lt;/span&gt;&lt;div&gt;&lt;span style=&quot;line-height: 107%;&quot;&gt;&lt;font face=&quot;Helvetica&quot; style=&quot;&quot;&gt;сортувальний центр&amp;nbsp;&lt;/font&gt;&lt;/span&gt;&lt;/div&gt;" style="text;html=1;align=center;verticalAlign=middle;resizable=0;points=[];autosize=1;strokeColor=none;fillColor=none;" parent="1" vertex="1">
          <mxGeometry x="260" y="250" width="140" height="40" as="geometry" />
        </mxCell>
        <mxCell id="X-D_j7nxScEuZj7azUe9-55" value="&lt;span style=&quot;line-height: 107%;&quot;&gt;&lt;font style=&quot;&quot;&gt;відправлення&amp;nbsp;&lt;/font&gt;&lt;/span&gt;&lt;div&gt;&lt;span style=&quot;line-height: 107%;&quot;&gt;&lt;font style=&quot;&quot;&gt;транспорту&amp;nbsp;&lt;/font&gt;&lt;/span&gt;&lt;/div&gt;" style="text;html=1;align=center;verticalAlign=middle;resizable=0;points=[];autosize=1;strokeColor=none;fillColor=none;" parent="1" vertex="1">
          <mxGeometry x="590" y="240" width="100" height="40" as="geometry" />
        </mxCell>
        <mxCell id="X-D_j7nxScEuZj7azUe9-56" value="&lt;span style=&quot;line-height: 107%;&quot;&gt;&lt;font face=&quot;Helvetica&quot; style=&quot;&quot;&gt;прибуття в місто отримувача&amp;nbsp;&lt;/font&gt;&lt;/span&gt;" style="text;html=1;align=center;verticalAlign=middle;resizable=0;points=[];autosize=1;strokeColor=none;fillColor=none;" parent="1" vertex="1">
          <mxGeometry x="695" y="328" width="190" height="30" as="geometry" />
        </mxCell>
        <mxCell id="X-D_j7nxScEuZj7azUe9-57" value="&lt;span style=&quot;line-height: 107%;&quot;&gt;&lt;font face=&quot;Helvetica&quot; style=&quot;&quot;&gt;вручення клієнту&amp;nbsp;&lt;/font&gt;&lt;/span&gt;" style="text;html=1;align=center;verticalAlign=middle;resizable=0;points=[];autosize=1;strokeColor=none;fillColor=none;" parent="1" vertex="1">
          <mxGeometry x="530" y="468" width="120" height="30" as="geometry" />
        </mxCell>
        <mxCell id="X-D_j7nxScEuZj7azUe9-58" value="&lt;span style=&quot;line-height: 107%;&quot;&gt;&lt;font face=&quot;Helvetica&quot; style=&quot;&quot;&gt;клієнт не забрав&amp;nbsp;&lt;/font&gt;&lt;/span&gt;" style="text;html=1;align=center;verticalAlign=middle;resizable=0;points=[];autosize=1;strokeColor=none;fillColor=none;" parent="1" vertex="1">
          <mxGeometry x="860" y="468" width="120" height="30" as="geometry" />
        </mxCell>
        <mxCell id="X-D_j7nxScEuZj7azUe9-59" value="&lt;span style=&quot;line-height: 107%;&quot;&gt;&lt;font face=&quot;Helvetica&quot; style=&quot;&quot;&gt;повернення завершене&amp;nbsp;&lt;/font&gt;&lt;/span&gt;" style="text;html=1;align=center;verticalAlign=middle;resizable=0;points=[];autosize=1;strokeColor=none;fillColor=none;" parent="1" vertex="1">
          <mxGeometry x="770" y="618" width="160" height="30" as="geometry" />
        </mxCell>
      </root>
    </mxGraphModel>
  </diagram>
</mxfile>
