<?xml version="1.0" encoding="UTF-8"?>
<mxfile host="app.diagrams.net" agent="Mozilla/5.0 (Windows NT 10.0; Win64; x64) AppleWebKit/537.36 (KHTML, like Gecko) Chrome/140.0.0.0 Safari/537.36" version="28.2.5">
  <diagram name="Сторінка-1" id="DteYmNCB425R9Rv2YHRg">
    <mxGraphModel dx="1453" dy="718" grid="1" gridSize="10" guides="1" tooltips="1" connect="1" arrows="1" fold="1" page="1" pageScale="1" pageWidth="1169" pageHeight="827" math="0" shadow="0">
      <root>
        <mxCell id="0" />
        <mxCell id="1" parent="0" />
        <mxCell id="G6Z7lZX4U_qHqm4BzMkQ-1" value="" style="rounded=0;whiteSpace=wrap;html=1;fillColor=default;" parent="1" vertex="1">
          <mxGeometry x="110" y="70" width="950" height="630" as="geometry" />
        </mxCell>
        <mxCell id="G6Z7lZX4U_qHqm4BzMkQ-21" style="rounded=0;orthogonalLoop=1;jettySize=auto;html=1;exitX=0.5;exitY=0.5;exitDx=0;exitDy=0;exitPerimeter=0;entryX=0;entryY=0.5;entryDx=0;entryDy=0;strokeWidth=3;fillColor=#ffcd28;gradientColor=#ffa500;strokeColor=#d79b00;edgeStyle=orthogonalEdgeStyle;" parent="1" source="G6Z7lZX4U_qHqm4BzMkQ-3" target="G6Z7lZX4U_qHqm4BzMkQ-10" edge="1">
          <mxGeometry relative="1" as="geometry" />
        </mxCell>
        <mxCell id="G6Z7lZX4U_qHqm4BzMkQ-22" style="edgeStyle=orthogonalEdgeStyle;rounded=0;orthogonalLoop=1;jettySize=auto;html=1;exitX=0.5;exitY=0.5;exitDx=0;exitDy=0;exitPerimeter=0;entryX=0;entryY=0.5;entryDx=0;entryDy=0;strokeWidth=3;fillColor=#ffcd28;gradientColor=#ffa500;strokeColor=#d79b00;" parent="1" source="G6Z7lZX4U_qHqm4BzMkQ-3" target="G6Z7lZX4U_qHqm4BzMkQ-11" edge="1">
          <mxGeometry relative="1" as="geometry" />
        </mxCell>
        <mxCell id="G6Z7lZX4U_qHqm4BzMkQ-23" style="rounded=0;orthogonalLoop=1;jettySize=auto;html=1;exitX=0.5;exitY=0.5;exitDx=0;exitDy=0;exitPerimeter=0;entryX=0;entryY=0.5;entryDx=0;entryDy=0;fillColor=#ffcd28;gradientColor=#ffa500;strokeColor=#d79b00;strokeWidth=3;edgeStyle=orthogonalEdgeStyle;" parent="1" source="G6Z7lZX4U_qHqm4BzMkQ-3" target="G6Z7lZX4U_qHqm4BzMkQ-12" edge="1">
          <mxGeometry relative="1" as="geometry" />
        </mxCell>
        <mxCell id="G6Z7lZX4U_qHqm4BzMkQ-3" value="Гість" style="shape=umlActor;verticalLabelPosition=bottom;verticalAlign=top;html=1;outlineConnect=0;fillColor=#ffcd28;gradientColor=#ffa500;strokeColor=#d79b00;strokeWidth=3;" parent="1" vertex="1">
          <mxGeometry x="40" y="100" width="30" height="60" as="geometry" />
        </mxCell>
        <mxCell id="G6Z7lZX4U_qHqm4BzMkQ-24" style="edgeStyle=orthogonalEdgeStyle;rounded=0;orthogonalLoop=1;jettySize=auto;html=1;exitX=0.5;exitY=0.5;exitDx=0;exitDy=0;exitPerimeter=0;entryX=0;entryY=1;entryDx=0;entryDy=0;strokeWidth=3;fillColor=#f8cecc;gradientColor=#ea6b66;strokeColor=#b85450;" parent="1" source="G6Z7lZX4U_qHqm4BzMkQ-4" target="G6Z7lZX4U_qHqm4BzMkQ-11" edge="1">
          <mxGeometry relative="1" as="geometry">
            <Array as="points">
              <mxPoint x="80" y="360" />
              <mxPoint x="80" y="260" />
            </Array>
          </mxGeometry>
        </mxCell>
        <mxCell id="G6Z7lZX4U_qHqm4BzMkQ-25" style="edgeStyle=orthogonalEdgeStyle;rounded=0;orthogonalLoop=1;jettySize=auto;html=1;exitX=0.5;exitY=0.5;exitDx=0;exitDy=0;exitPerimeter=0;entryX=0;entryY=1;entryDx=0;entryDy=0;strokeWidth=3;fillColor=#f8cecc;gradientColor=#ea6b66;strokeColor=#b85450;" parent="1" source="G6Z7lZX4U_qHqm4BzMkQ-4" target="G6Z7lZX4U_qHqm4BzMkQ-12" edge="1">
          <mxGeometry relative="1" as="geometry" />
        </mxCell>
        <mxCell id="G6Z7lZX4U_qHqm4BzMkQ-26" style="edgeStyle=orthogonalEdgeStyle;rounded=0;orthogonalLoop=1;jettySize=auto;html=1;exitX=0.5;exitY=0.5;exitDx=0;exitDy=0;exitPerimeter=0;entryX=0;entryY=0.5;entryDx=0;entryDy=0;strokeWidth=3;fillColor=#f8cecc;gradientColor=#ea6b66;strokeColor=#b85450;" parent="1" source="G6Z7lZX4U_qHqm4BzMkQ-4" target="G6Z7lZX4U_qHqm4BzMkQ-13" edge="1">
          <mxGeometry relative="1" as="geometry" />
        </mxCell>
        <mxCell id="G6Z7lZX4U_qHqm4BzMkQ-27" style="edgeStyle=orthogonalEdgeStyle;rounded=0;orthogonalLoop=1;jettySize=auto;html=1;exitX=0.5;exitY=0.5;exitDx=0;exitDy=0;exitPerimeter=0;entryX=0;entryY=0.5;entryDx=0;entryDy=0;strokeWidth=3;fillColor=#f8cecc;gradientColor=#ea6b66;strokeColor=#b85450;" parent="1" source="G6Z7lZX4U_qHqm4BzMkQ-4" target="G6Z7lZX4U_qHqm4BzMkQ-14" edge="1">
          <mxGeometry relative="1" as="geometry" />
        </mxCell>
        <mxCell id="G6Z7lZX4U_qHqm4BzMkQ-28" style="edgeStyle=orthogonalEdgeStyle;rounded=0;orthogonalLoop=1;jettySize=auto;html=1;exitX=0.5;exitY=0.5;exitDx=0;exitDy=0;exitPerimeter=0;entryX=0;entryY=0.5;entryDx=0;entryDy=0;strokeWidth=3;fillColor=#f8cecc;gradientColor=#ea6b66;strokeColor=#b85450;" parent="1" source="G6Z7lZX4U_qHqm4BzMkQ-4" target="G6Z7lZX4U_qHqm4BzMkQ-15" edge="1">
          <mxGeometry relative="1" as="geometry" />
        </mxCell>
        <mxCell id="G6Z7lZX4U_qHqm4BzMkQ-29" style="edgeStyle=orthogonalEdgeStyle;rounded=0;orthogonalLoop=1;jettySize=auto;html=1;exitX=0.5;exitY=0.5;exitDx=0;exitDy=0;exitPerimeter=0;entryX=0;entryY=0.5;entryDx=0;entryDy=0;strokeWidth=3;fillColor=#f8cecc;gradientColor=#ea6b66;strokeColor=#b85450;" parent="1" source="G6Z7lZX4U_qHqm4BzMkQ-4" target="G6Z7lZX4U_qHqm4BzMkQ-16" edge="1">
          <mxGeometry relative="1" as="geometry">
            <Array as="points">
              <mxPoint x="80" y="360" />
              <mxPoint x="80" y="165" />
            </Array>
          </mxGeometry>
        </mxCell>
        <mxCell id="G6Z7lZX4U_qHqm4BzMkQ-30" style="edgeStyle=orthogonalEdgeStyle;rounded=0;orthogonalLoop=1;jettySize=auto;html=1;exitX=0.5;exitY=0.5;exitDx=0;exitDy=0;exitPerimeter=0;entryX=0;entryY=0.5;entryDx=0;entryDy=0;strokeWidth=3;fillColor=#f8cecc;gradientColor=#ea6b66;strokeColor=#b85450;" parent="1" source="G6Z7lZX4U_qHqm4BzMkQ-4" target="G6Z7lZX4U_qHqm4BzMkQ-17" edge="1">
          <mxGeometry relative="1" as="geometry">
            <Array as="points">
              <mxPoint x="80" y="360" />
              <mxPoint x="80" y="285" />
            </Array>
          </mxGeometry>
        </mxCell>
        <mxCell id="G6Z7lZX4U_qHqm4BzMkQ-31" style="edgeStyle=orthogonalEdgeStyle;rounded=0;orthogonalLoop=1;jettySize=auto;html=1;exitX=0.5;exitY=0.5;exitDx=0;exitDy=0;exitPerimeter=0;entryX=0;entryY=0;entryDx=0;entryDy=0;strokeWidth=3;fillColor=#f8cecc;gradientColor=#ea6b66;strokeColor=#b85450;" parent="1" source="G6Z7lZX4U_qHqm4BzMkQ-4" target="G6Z7lZX4U_qHqm4BzMkQ-18" edge="1">
          <mxGeometry relative="1" as="geometry">
            <Array as="points">
              <mxPoint x="55" y="380" />
            </Array>
          </mxGeometry>
        </mxCell>
        <mxCell id="G6Z7lZX4U_qHqm4BzMkQ-4" value="Зареєстрований&amp;nbsp;&lt;div&gt;користувач&lt;/div&gt;" style="shape=umlActor;verticalLabelPosition=bottom;verticalAlign=top;html=1;outlineConnect=0;fillColor=#f8cecc;gradientColor=#ea6b66;strokeColor=#b85450;strokeWidth=3;" parent="1" vertex="1">
          <mxGeometry x="40" y="330" width="30" height="60" as="geometry" />
        </mxCell>
        <mxCell id="G6Z7lZX4U_qHqm4BzMkQ-37" style="edgeStyle=orthogonalEdgeStyle;rounded=0;orthogonalLoop=1;jettySize=auto;html=1;exitX=0.5;exitY=0.5;exitDx=0;exitDy=0;exitPerimeter=0;entryX=0;entryY=1;entryDx=0;entryDy=0;strokeWidth=3;fillColor=#dae8fc;gradientColor=#7ea6e0;strokeColor=#6c8ebf;" parent="1" source="G6Z7lZX4U_qHqm4BzMkQ-5" target="G6Z7lZX4U_qHqm4BzMkQ-16" edge="1">
          <mxGeometry relative="1" as="geometry">
            <Array as="points">
              <mxPoint x="55" y="620" />
              <mxPoint x="10" y="620" />
              <mxPoint x="10" y="189" />
            </Array>
          </mxGeometry>
        </mxCell>
        <mxCell id="G6Z7lZX4U_qHqm4BzMkQ-38" style="edgeStyle=orthogonalEdgeStyle;rounded=0;orthogonalLoop=1;jettySize=auto;html=1;exitX=0.5;exitY=0.5;exitDx=0;exitDy=0;exitPerimeter=0;entryX=0;entryY=1;entryDx=0;entryDy=0;fillColor=#dae8fc;gradientColor=#7ea6e0;strokeColor=#6c8ebf;strokeWidth=3;" parent="1" source="G6Z7lZX4U_qHqm4BzMkQ-5" target="G6Z7lZX4U_qHqm4BzMkQ-19" edge="1">
          <mxGeometry relative="1" as="geometry">
            <Array as="points">
              <mxPoint x="55" y="620" />
              <mxPoint x="391" y="620" />
            </Array>
          </mxGeometry>
        </mxCell>
        <mxCell id="G6Z7lZX4U_qHqm4BzMkQ-39" style="edgeStyle=orthogonalEdgeStyle;rounded=0;orthogonalLoop=1;jettySize=auto;html=1;exitX=0.5;exitY=0.5;exitDx=0;exitDy=0;exitPerimeter=0;entryX=0.5;entryY=1;entryDx=0;entryDy=0;strokeWidth=3;fillColor=#dae8fc;gradientColor=#7ea6e0;strokeColor=#6c8ebf;" parent="1" source="G6Z7lZX4U_qHqm4BzMkQ-5" target="G6Z7lZX4U_qHqm4BzMkQ-20" edge="1">
          <mxGeometry relative="1" as="geometry">
            <Array as="points">
              <mxPoint x="100" y="540" />
              <mxPoint x="100" y="730" />
              <mxPoint x="450" y="730" />
              <mxPoint x="450" y="690" />
            </Array>
          </mxGeometry>
        </mxCell>
        <mxCell id="G6Z7lZX4U_qHqm4BzMkQ-59" style="edgeStyle=orthogonalEdgeStyle;rounded=0;orthogonalLoop=1;jettySize=auto;html=1;exitX=0.5;exitY=0.5;exitDx=0;exitDy=0;exitPerimeter=0;entryX=0.5;entryY=1;entryDx=0;entryDy=0;strokeWidth=3;fillColor=#dae8fc;gradientColor=#7ea6e0;strokeColor=#6c8ebf;" parent="1" source="G6Z7lZX4U_qHqm4BzMkQ-5" target="G6Z7lZX4U_qHqm4BzMkQ-35" edge="1">
          <mxGeometry relative="1" as="geometry">
            <Array as="points">
              <mxPoint x="100" y="540" />
              <mxPoint x="100" y="730" />
              <mxPoint x="645" y="730" />
            </Array>
          </mxGeometry>
        </mxCell>
        <mxCell id="G6Z7lZX4U_qHqm4BzMkQ-5" value="Адміністратор" style="shape=umlActor;verticalLabelPosition=bottom;verticalAlign=top;html=1;outlineConnect=0;strokeWidth=3;fillColor=#dae8fc;gradientColor=#7ea6e0;strokeColor=#6c8ebf;" parent="1" vertex="1">
          <mxGeometry x="40" y="510" width="30" height="60" as="geometry" />
        </mxCell>
        <mxCell id="G6Z7lZX4U_qHqm4BzMkQ-42" style="edgeStyle=orthogonalEdgeStyle;rounded=0;orthogonalLoop=1;jettySize=auto;html=1;exitX=0.5;exitY=0.5;exitDx=0;exitDy=0;exitPerimeter=0;entryX=1;entryY=0.5;entryDx=0;entryDy=0;strokeWidth=3;fillColor=#d5e8d4;gradientColor=#97d077;strokeColor=#0000FF;" parent="1" source="G6Z7lZX4U_qHqm4BzMkQ-6" target="G6Z7lZX4U_qHqm4BzMkQ-35" edge="1">
          <mxGeometry relative="1" as="geometry">
            <Array as="points">
              <mxPoint x="1160" y="140" />
              <mxPoint x="1160" y="690" />
              <mxPoint x="720" y="690" />
            </Array>
          </mxGeometry>
        </mxCell>
        <mxCell id="G6Z7lZX4U_qHqm4BzMkQ-6" value="Таймер" style="shape=umlActor;verticalLabelPosition=bottom;verticalAlign=top;html=1;outlineConnect=0;fillColor=#d5e8d4;gradientColor=light-dark(#3a6bdf, #295a0d);strokeColor=#3333FF;strokeWidth=3;" parent="1" vertex="1">
          <mxGeometry x="1110" y="110" width="30" height="60" as="geometry" />
        </mxCell>
        <mxCell id="G6Z7lZX4U_qHqm4BzMkQ-40" style="edgeStyle=orthogonalEdgeStyle;rounded=0;orthogonalLoop=1;jettySize=auto;html=1;exitX=0.5;exitY=0.5;exitDx=0;exitDy=0;exitPerimeter=0;entryX=1;entryY=0.5;entryDx=0;entryDy=0;strokeWidth=3;fillColor=#e6d0de;gradientColor=#d5739d;strokeColor=#996185;" parent="1" source="G6Z7lZX4U_qHqm4BzMkQ-7" target="G6Z7lZX4U_qHqm4BzMkQ-33" edge="1">
          <mxGeometry relative="1" as="geometry" />
        </mxCell>
        <mxCell id="G6Z7lZX4U_qHqm4BzMkQ-7" value="Система&amp;nbsp;&lt;div&gt;аутентифікації&lt;/div&gt;" style="shape=umlActor;verticalLabelPosition=bottom;verticalAlign=top;html=1;outlineConnect=0;fillColor=#e6d0de;gradientColor=#D598C2;strokeColor=light-dark(#a25d8a, #b181a0);strokeWidth=3;" parent="1" vertex="1">
          <mxGeometry x="1100" y="360" width="30" height="60" as="geometry" />
        </mxCell>
        <mxCell id="G6Z7lZX4U_qHqm4BzMkQ-41" style="edgeStyle=orthogonalEdgeStyle;rounded=0;orthogonalLoop=1;jettySize=auto;html=1;exitX=0.5;exitY=0.5;exitDx=0;exitDy=0;exitPerimeter=0;entryX=1;entryY=0.5;entryDx=0;entryDy=0;strokeWidth=3;fillColor=#d5e8d4;gradientColor=#97d077;strokeColor=#82b366;" parent="1" source="G6Z7lZX4U_qHqm4BzMkQ-8" target="G6Z7lZX4U_qHqm4BzMkQ-34" edge="1">
          <mxGeometry relative="1" as="geometry" />
        </mxCell>
        <mxCell id="G6Z7lZX4U_qHqm4BzMkQ-8" value="Система&amp;nbsp;&lt;div&gt;рейтингу&lt;/div&gt;" style="shape=umlActor;verticalLabelPosition=bottom;verticalAlign=top;html=1;outlineConnect=0;fillColor=#d5e8d4;gradientColor=light-dark(#2c5a11, #295a0d);strokeColor=#82b366;strokeWidth=3;" parent="1" vertex="1">
          <mxGeometry x="1100" y="580" width="30" height="60" as="geometry" />
        </mxCell>
        <mxCell id="G6Z7lZX4U_qHqm4BzMkQ-44" style="edgeStyle=orthogonalEdgeStyle;rounded=0;orthogonalLoop=1;jettySize=auto;html=1;exitX=1;exitY=0.5;exitDx=0;exitDy=0;entryX=0.5;entryY=0;entryDx=0;entryDy=0;strokeWidth=3;dashed=1;" parent="1" source="G6Z7lZX4U_qHqm4BzMkQ-10" target="G6Z7lZX4U_qHqm4BzMkQ-32" edge="1">
          <mxGeometry relative="1" as="geometry">
            <Array as="points">
              <mxPoint x="310" y="100" />
              <mxPoint x="448" y="100" />
              <mxPoint x="448" y="120" />
              <mxPoint x="655" y="120" />
            </Array>
          </mxGeometry>
        </mxCell>
        <mxCell id="G6Z7lZX4U_qHqm4BzMkQ-10" value="&lt;div&gt;UC-03&lt;/div&gt;Зареєструватися" style="ellipse;whiteSpace=wrap;html=1;" parent="1" vertex="1">
          <mxGeometry x="160" y="90" width="110" height="50" as="geometry" />
        </mxCell>
        <mxCell id="G6Z7lZX4U_qHqm4BzMkQ-11" value="&lt;div&gt;UC-01&lt;/div&gt;Переглянути рецепти" style="ellipse;whiteSpace=wrap;html=1;" parent="1" vertex="1">
          <mxGeometry x="170" y="210" width="130" height="50" as="geometry" />
        </mxCell>
        <mxCell id="G6Z7lZX4U_qHqm4BzMkQ-12" value="&lt;div&gt;UC-02&lt;/div&gt;Шукати рецепт" style="ellipse;whiteSpace=wrap;html=1;" parent="1" vertex="1">
          <mxGeometry x="170" y="310" width="120" height="50" as="geometry" />
        </mxCell>
        <mxCell id="G6Z7lZX4U_qHqm4BzMkQ-43" style="edgeStyle=orthogonalEdgeStyle;rounded=0;orthogonalLoop=1;jettySize=auto;html=1;exitX=1;exitY=0.5;exitDx=0;exitDy=0;entryX=0;entryY=0.5;entryDx=0;entryDy=0;dashed=1;strokeWidth=3;" parent="1" source="G6Z7lZX4U_qHqm4BzMkQ-13" target="G6Z7lZX4U_qHqm4BzMkQ-32" edge="1">
          <mxGeometry relative="1" as="geometry">
            <Array as="points">
              <mxPoint x="310" y="450" />
              <mxPoint x="620" y="450" />
              <mxPoint x="620" y="175" />
            </Array>
          </mxGeometry>
        </mxCell>
        <mxCell id="G6Z7lZX4U_qHqm4BzMkQ-13" value="&lt;div&gt;UC-07&lt;/div&gt;Додати рецепт" style="ellipse;whiteSpace=wrap;html=1;" parent="1" vertex="1">
          <mxGeometry x="170" y="420" width="130" height="40" as="geometry" />
        </mxCell>
        <mxCell id="G6Z7lZX4U_qHqm4BzMkQ-45" style="edgeStyle=orthogonalEdgeStyle;rounded=0;orthogonalLoop=1;jettySize=auto;html=1;exitX=1;exitY=0.5;exitDx=0;exitDy=0;entryX=0.5;entryY=1;entryDx=0;entryDy=0;strokeWidth=3;dashed=1;" parent="1" source="G6Z7lZX4U_qHqm4BzMkQ-14" target="G6Z7lZX4U_qHqm4BzMkQ-33" edge="1">
          <mxGeometry relative="1" as="geometry">
            <Array as="points">
              <mxPoint x="310" y="480" />
              <mxPoint x="560" y="480" />
              <mxPoint x="560" y="340" />
            </Array>
          </mxGeometry>
        </mxCell>
        <mxCell id="G6Z7lZX4U_qHqm4BzMkQ-14" value="&lt;div&gt;UC-04&lt;/div&gt;Увійти" style="ellipse;whiteSpace=wrap;html=1;" parent="1" vertex="1">
          <mxGeometry x="170" y="520" width="120" height="40" as="geometry" />
        </mxCell>
        <mxCell id="RZ99SF6wOeo8VS3vwAmU-3" style="edgeStyle=orthogonalEdgeStyle;rounded=0;orthogonalLoop=1;jettySize=auto;html=1;exitX=1;exitY=0.5;exitDx=0;exitDy=0;entryX=1;entryY=1;entryDx=0;entryDy=0;strokeWidth=3;dashed=1;" edge="1" parent="1" source="G6Z7lZX4U_qHqm4BzMkQ-15" target="G6Z7lZX4U_qHqm4BzMkQ-33">
          <mxGeometry relative="1" as="geometry">
            <Array as="points">
              <mxPoint x="828" y="640" />
            </Array>
          </mxGeometry>
        </mxCell>
        <mxCell id="G6Z7lZX4U_qHqm4BzMkQ-15" value="&lt;div&gt;UC-06&lt;/div&gt;Відновити пароль" style="ellipse;whiteSpace=wrap;html=1;" parent="1" vertex="1">
          <mxGeometry x="170" y="630" width="130" height="40" as="geometry" />
        </mxCell>
        <mxCell id="G6Z7lZX4U_qHqm4BzMkQ-47" style="edgeStyle=orthogonalEdgeStyle;rounded=0;orthogonalLoop=1;jettySize=auto;html=1;exitX=1;exitY=0.5;exitDx=0;exitDy=0;entryX=0;entryY=0;entryDx=0;entryDy=0;strokeWidth=3;dashed=1;" parent="1" source="G6Z7lZX4U_qHqm4BzMkQ-16" target="G6Z7lZX4U_qHqm4BzMkQ-32" edge="1">
          <mxGeometry relative="1" as="geometry">
            <Array as="points">
              <mxPoint x="410" y="165" />
              <mxPoint x="540" y="165" />
              <mxPoint x="540" y="250" />
              <mxPoint x="590" y="250" />
              <mxPoint x="590" y="150" />
              <mxPoint x="761" y="150" />
            </Array>
          </mxGeometry>
        </mxCell>
        <mxCell id="G6Z7lZX4U_qHqm4BzMkQ-16" value="UC-09&lt;br&gt;Редагувати/видалити рецепти" style="ellipse;whiteSpace=wrap;html=1;" parent="1" vertex="1">
          <mxGeometry x="270" y="150" width="140" height="50" as="geometry" />
        </mxCell>
        <mxCell id="G6Z7lZX4U_qHqm4BzMkQ-48" style="edgeStyle=orthogonalEdgeStyle;rounded=0;orthogonalLoop=1;jettySize=auto;html=1;exitX=1;exitY=0.5;exitDx=0;exitDy=0;entryX=0.5;entryY=0;entryDx=0;entryDy=0;dashed=1;strokeWidth=3;" parent="1" source="G6Z7lZX4U_qHqm4BzMkQ-17" target="G6Z7lZX4U_qHqm4BzMkQ-34" edge="1">
          <mxGeometry relative="1" as="geometry">
            <Array as="points">
              <mxPoint x="540" y="335" />
              <mxPoint x="540" y="420" />
              <mxPoint x="690" y="420" />
            </Array>
          </mxGeometry>
        </mxCell>
        <mxCell id="G6Z7lZX4U_qHqm4BzMkQ-17" value="&lt;div&gt;UC-10&lt;/div&gt;Оцінити рецепт" style="ellipse;whiteSpace=wrap;html=1;" parent="1" vertex="1">
          <mxGeometry x="370" y="310" width="130" height="50" as="geometry" />
        </mxCell>
        <mxCell id="G6Z7lZX4U_qHqm4BzMkQ-18" value="&lt;div&gt;UC-12&lt;/div&gt;Коментувати рецепт" style="ellipse;whiteSpace=wrap;html=1;" parent="1" vertex="1">
          <mxGeometry x="370" y="390" width="120" height="50" as="geometry" />
        </mxCell>
        <mxCell id="G6Z7lZX4U_qHqm4BzMkQ-49" style="edgeStyle=orthogonalEdgeStyle;rounded=0;orthogonalLoop=1;jettySize=auto;html=1;exitX=1;exitY=0.5;exitDx=0;exitDy=0;entryX=0;entryY=0;entryDx=0;entryDy=0;strokeWidth=3;dashed=1;" parent="1" source="G6Z7lZX4U_qHqm4BzMkQ-19" target="G6Z7lZX4U_qHqm4BzMkQ-35" edge="1">
          <mxGeometry relative="1" as="geometry" />
        </mxCell>
        <mxCell id="G6Z7lZX4U_qHqm4BzMkQ-19" value="&lt;div&gt;UC-13&lt;/div&gt;Модерувати рецепти" style="ellipse;whiteSpace=wrap;html=1;" parent="1" vertex="1">
          <mxGeometry x="370" y="520" width="140" height="40" as="geometry" />
        </mxCell>
        <mxCell id="G6Z7lZX4U_qHqm4BzMkQ-20" value="&lt;div&gt;UC-13&lt;/div&gt;Блокувати користувача" style="ellipse;whiteSpace=wrap;html=1;" parent="1" vertex="1">
          <mxGeometry x="380" y="650" width="150" height="40" as="geometry" />
        </mxCell>
        <mxCell id="G6Z7lZX4U_qHqm4BzMkQ-32" value="&lt;div&gt;UC-08&lt;/div&gt;Валідувати дані" style="ellipse;whiteSpace=wrap;html=1;" parent="1" vertex="1">
          <mxGeometry x="740" y="160" width="140" height="40" as="geometry" />
        </mxCell>
        <mxCell id="G6Z7lZX4U_qHqm4BzMkQ-33" value="&lt;div&gt;UC-05&lt;/div&gt;Перевірити облікові дані" style="ellipse;whiteSpace=wrap;html=1;" parent="1" vertex="1">
          <mxGeometry x="700" y="250" width="150" height="50" as="geometry" />
        </mxCell>
        <mxCell id="G6Z7lZX4U_qHqm4BzMkQ-34" value="&lt;div&gt;UC-11&lt;/div&gt;Розрахувати середню оцінку" style="ellipse;whiteSpace=wrap;html=1;" parent="1" vertex="1">
          <mxGeometry x="620" y="470" width="140" height="50" as="geometry" />
        </mxCell>
        <mxCell id="G6Z7lZX4U_qHqm4BzMkQ-35" value="&lt;div&gt;UC-15&lt;/div&gt;Видалити застарілі рецепти" style="ellipse;whiteSpace=wrap;html=1;" parent="1" vertex="1">
          <mxGeometry x="570" y="580" width="150" height="40" as="geometry" />
        </mxCell>
        <mxCell id="G6Z7lZX4U_qHqm4BzMkQ-50" value="&amp;lt;&amp;lt;include&amp;gt;&amp;gt;" style="text;html=1;align=center;verticalAlign=middle;whiteSpace=wrap;rounded=0;" parent="1" vertex="1">
          <mxGeometry x="525" y="90" width="60" height="30" as="geometry" />
        </mxCell>
        <mxCell id="G6Z7lZX4U_qHqm4BzMkQ-51" value="&amp;lt;&amp;lt;include&amp;gt;&amp;gt;" style="text;html=1;align=center;verticalAlign=middle;whiteSpace=wrap;rounded=0;" parent="1" vertex="1">
          <mxGeometry x="640" y="150" width="60" height="30" as="geometry" />
        </mxCell>
        <mxCell id="G6Z7lZX4U_qHqm4BzMkQ-52" value="&amp;lt;&amp;lt;extend&amp;gt;&amp;gt;" style="text;html=1;align=center;verticalAlign=middle;whiteSpace=wrap;rounded=0;" parent="1" vertex="1">
          <mxGeometry x="490" y="610" width="60" height="30" as="geometry" />
        </mxCell>
        <mxCell id="G6Z7lZX4U_qHqm4BzMkQ-53" value="&amp;lt;&amp;lt;include&amp;gt;&amp;gt;" style="text;html=1;align=center;verticalAlign=middle;whiteSpace=wrap;rounded=0;" parent="1" vertex="1">
          <mxGeometry x="640" y="270" width="60" height="30" as="geometry" />
        </mxCell>
        <mxCell id="G6Z7lZX4U_qHqm4BzMkQ-54" value="&amp;lt;&amp;lt;include&amp;gt;&amp;gt;" style="text;html=1;align=center;verticalAlign=middle;whiteSpace=wrap;rounded=0;" parent="1" vertex="1">
          <mxGeometry x="630" y="398.5" width="60" height="30" as="geometry" />
        </mxCell>
        <mxCell id="G6Z7lZX4U_qHqm4BzMkQ-56" value="&amp;lt;&amp;lt;extend&amp;gt;&amp;gt;" style="text;html=1;align=center;verticalAlign=middle;whiteSpace=wrap;rounded=0;" parent="1" vertex="1">
          <mxGeometry x="530" y="510" width="60" height="30" as="geometry" />
        </mxCell>
        <mxCell id="G6Z7lZX4U_qHqm4BzMkQ-57" value="&amp;lt;&amp;lt;include&amp;gt;&amp;gt;" style="text;html=1;align=center;verticalAlign=middle;whiteSpace=wrap;rounded=0;" parent="1" vertex="1">
          <mxGeometry x="610" y="125" width="60" height="30" as="geometry" />
        </mxCell>
        <mxCell id="G6Z7lZX4U_qHqm4BzMkQ-60" value="&lt;span style=&quot;font-weight: 700; color: light-dark(rgb(28, 30, 33), rgb(210, 212, 214)); font-size: 16px; text-align: start; background-color: transparent;&quot;&gt;&lt;font face=&quot;Helvetica&quot;&gt;Онлайн-сервіс для обміну кулінарними рецептами з рейтингами&lt;/font&gt;&lt;/span&gt;" style="text;html=1;align=center;verticalAlign=middle;whiteSpace=wrap;rounded=0;" parent="1" vertex="1">
          <mxGeometry x="240" y="40" width="740" height="30" as="geometry" />
        </mxCell>
      </root>
    </mxGraphModel>
  </diagram>
</mxfile>
